Gemeinde,Kanton,Einwohner,Fläche
Aadorf,TG,9216,19.93
Aarau,AG,21726,12.36
Aarberg,BE,4626,7.94
Aarburg,AG,8577,4.40
Aarwangen,BE,4638,9.87
Abtwil,AG,954,4.14
Aclens,VD,531,3.90
Acquarossa,TI,1807,61.77
Adelboden,BE,3343,87.64
Adligenswil,LU,5471,6.98
Adlikon,ZH,693,6.62
Adliswil,ZH,19049,7.78
Aedermannsdorf,SO,581,12.94
Aefligen,BE,1103,2.06
Aegerten,BE,2210,2.16
Aesch (BL),BL,10314,7.40
Aesch (LU),LU,1285,4.65
Aesch (ZH),ZH,1709,5.21
Aeschi (SO),SO,1268,5.41
Aeschi bei Spiez,BE,2256,30.93
Aeugst am Albis,ZH,2014,7.90
Affeltrangen,TG,2648,14.40
Affoltern am Albis,ZH,12289,10.53
Affoltern im Emmental,BE,1125,11.44
Agarn,VS,705,7.61
Agiez,VD,376,5.45
Agno,TI,4376,2.51
Aigle,VD,10462,16.50
Aire-la-Ville,GE,1160,2.88
Airolo,TI,1476,94.40
Alberswil,LU,665,3.56
Albinen,VS,243,15.56
Albula/Alvra,GR,1295,93.97
Alchenstorf,BE,584,6.61
Allaman,VD,442,2.59
Alle,JU,1895,10.65
Allmendingen,BE,579,3.77
Allschwil,BL,21374,8.91
Alpnach,OW,6109,53.83
Alpthal,SZ,613,22.94
Altbüron,LU,1017,6.72
Altdorf (UR),UR,9565,10.19
Altendorf,SZ,7111,20.48
Altikon,ZH,701,7.71
Altishofen,LU,1959,14.32
Altnau,TG,2343,6.71
Alto Malcantone,TI,1380,22.06
Altstätten,SG,11938,39.56
Amden,SG,1876,43.04
Amlikon-Bissegg,TG,1332,14.43
Ammerswil,AG,735,3.20
Amriswil,TG,14211,18.99
Amsoldingen,BE,800,4.70
Andeer,GR,916,46.37
Andelfingen,ZH,2232,6.70
Andermatt,UR,1527,62.19
Andwil (SG),SG,2058,6.28
Anières,GE,2381,3.82
Anniviers,VS,2742,243.37
Anwil,BL,542,3.94
Appenzell,AI,5793,16.88
Aranno,TI,354,2.55
Arbaz,VS,1360,19.25
Arbedo-Castione,TI,5024,21.43
Arboldswil,BL,564,3.46
Arbon,TG,14950,6.01
Arch,BE,1700,6.40
Ardon,VS,3379,20.34
Arisdorf,BL,1691,9.98
Aristau,AG,1512,8.70
Arlesheim,BL,9217,6.95
Arnex-sur-Nyon,VD,242,2.09
Arnex-sur-Orbe,VD,637,7.63
Arni (AG),AG,1888,3.46
Arni (BE),BE,936,10.38
Arogno,TI,986,8.55
Arosa,GR,3162,154.72
Arth,SZ,12184,42.00
Arzier-Le Muids,VD,2916,51.87
Ascona,TI,5554,4.94
Assens,VD,1669,8.46
Astano,TI,294,3.84
Attalens,FR,3580,9.81
Attinghausen,UR,1747,46.90
Attiswil,BE,1532,7.66
Au (SG),SG,7984,4.66
Aubonne,VD,3756,14.34
Auboranges,FR,293,1.93
Auenstein,AG,1613,5.71
Augst,BL,1061,1.62
Ausserberg,VS,621,15.02
Auswil,BE,448,4.56
Autigny,FR,782,6.20
Auw,AG,2203,8.55
Avegno Gordevio,TI,1516,27.30
Avenches,VD,4477,19.43
Avers,GR,164,93.08
Avry,FR,1911,5.79
Avully,GE,1756,4.65
Avusy,GE,1391,5.17
Ayent,VS,4137,55.02
Baar,ZG,24686,24.77
Bachenbülach,ZH,4188,4.29
Bachs,ZH,613,9.18
Bad Ragaz,SG,6467,25.43
Baden,AG,19621,13.19
Balerna,TI,3240,2.53
Balgach,SG,4942,6.59
Ballaigues,VD,1144,9.10
Ballens,VD,562,8.41
Ballwil,LU,2679,8.75
Balm bei Günsberg,SO,221,5.47
Balsthal,SO,6210,15.72
Baltschieder,VS,1305,31.32
Bannwil,BE,676,4.73
Bardonnex,GE,2396,5.02
Bäretswil,ZH,5052,22.20
Bargen (BE),BE,1051,7.86
Bargen (SH),SH,320,8.27
Bäriswil,BE,1071,2.77
Bärschwil,SO,803,11.16
Bas-Intyamon,FR,1555,33.26
Basadingen-Schlattingen,TG,1818,15.63
Basel,BS,173863,23.89
Basse-Allaine,JU,1241,23.00
Bassersdorf,ZH,11924,8.99
Bassins,VD,1464,20.85
Bätterkinden,BE,3288,10.13
Bättwil,SO,1188,1.70
Baulmes,VD,1075,22.52
Bauma,ZH,4881,29.51
Bavois,VD,994,9.30
Beatenberg,BE,1199,29.20
Beckenried,NW,3742,24.27
Bedano,TI,1538,1.89
Bedigliora,TI,604,2.52
Bedretto,TI,102,75.23
Beggingen,SH,469,12.64
Begnins,VD,1928,4.80
Beinwil (Freiamt),AG,1183,11.34
Beinwil (SO),SO,274,22.68
Beinwil am See,AG,3418,3.82
Belfaux,FR,3342,8.91
Bellach,SO,5297,5.32
Bellevue,GE,3467,4.38
Bellikon,AG,1544,4.90
Bellinzona,TI,43360,164.09
Bellmund,BE,1723,3.82
Bellwald,VS,354,13.97
Belmont-Broye,FR,5635,25.82
Belmont-sur-Lausanne,VD,3750,2.61
Belmont-sur-Yverdon,VD,397,6.50
Belp,BE,11603,23.30
Belprahon,BE,279,3.82
Benken (SG),SG,2994,16.47
Benken (ZH),ZH,856,5.67
Bennwil,BL,675,6.60
Bercher,VD,1322,4.24
Berg (SG),SG,866,3.78
Berg (TG),TG,3429,13.19
Berg am Irchel,ZH,595,7.03
Bergdietikon,AG,2909,6.06
Bergün Filisur,GR,919,190.14
Berikon,AG,4749,5.39
Beringen,SH,5044,18.65
Berken,BE,44,1.40
Berlingen,TG,906,3.57
Bern,BE,134794,51.61
Berneck,SG,3928,5.60
Bernex,GE,10258,12.97
Berolle,VD,313,9.63
Beromünster,LU,6661,42.18
Besenbüren,AG,632,2.34
Bettenhausen,BE,642,3.96
Bettens,VD,637,3.76
Bettingen,BS,1167,2.20
Bettlach,SO,4953,12.18
Bettmeralp,VS,452,28.79
Bettwiesen,TG,1228,3.88
Bettwil,AG,654,4.28
Beurnevésin,JU,119,5.10
Bever,GR,584,45.66
Bex,VD,7845,96.63
Biasca,TI,6094,59.03
Biberist,SO,9109,12.17
Biberstein,AG,1588,4.10
Bichelsee-Balterswil,TG,2949,12.12
Biel-Benken,BL,3561,4.12
Biel/Bienne,BE,55206,21.20
Bière,VD,1621,25.03
Biezwil,SO,344,4.15
Biglen,BE,1847,3.58
Billens-Hennens,FR,791,4.90
Binn,VS,127,65.09
Binningen,BL,15771,4.48
Bioggio,TI,2689,6.45
Bioley-Magnoux,VD,230,4.31
Birmensdorf (ZH),ZH,6909,11.42
Birmenstorf (AG),AG,2962,7.76
Birr,AG,4598,5.05
Birrhard,AG,742,3.00
Birrwil,AG,1185,3.45
Birsfelden,BL,10396,2.58
Birwinken,TG,1330,12.26
Bischofszell,TG,5907,11.61
Bissone,TI,948,1.86
Bister,VS,34,5.80
Bitsch,VS,1035,5.86
Blatten,VS,296,90.54
Blauen,BL,689,7.09
Bleienbach,BE,734,5.67
Blenio,TI,1770,202.17
Blonay - Saint-Légier,VD,11732,31.24
Blumenstein,BE,1236,15.50
Böckten,BL,823,2.27
Bodio,TI,937,6.43
Boécourt,JU,923,12.32
Bofflens,VD,207,4.17
Bogis-Bossey,VD,847,2.43
Bois-d'Amont,FR,2312,12.28
Bolken,SO,590,2.13
Bolligen,BE,6308,16.59
Boltigen,BE,1249,77.08
Bonaduz,GR,3468,14.45
Boncourt,JU,1195,9.02
Bonfol,JU,663,13.61
Bönigen,BE,2569,15.08
Boningen,SO,793,2.80
Boniswil,AG,1520,2.37
Bonstetten,ZH,5610,7.44
Bonvillars,VD,489,7.49
Boppelsen,ZH,1472,3.94
Borex,VD,1153,1.96
Bosco/Gurin,TI,52,22.02
Bösingen,FR,3421,14.32
Bossonnens,FR,1501,4.10
Boswil,AG,2923,11.76
Bottens,VD,1331,6.94
Bottenwil,AG,823,5.05
Botterens,FR,670,4.24
Bottighofen,TG,2397,2.43
Bottmingen,BL,6875,2.98
Böttstein,AG,3982,7.45
Boudry,NE,6193,16.76
Bougy-Villars,VD,478,1.78
Boulens,VD,369,3.42
Bourg-en-Lavaux,VD,5391,9.68
Bourg-Saint-Pierre,VS,211,89.81
Bournens,VD,491,3.89
Bourrignon,JU,270,13.53
Boussens,VD,999,3.18
Bovernier,VS,911,13.11
Bowil,BE,1354,14.70
Bözberg,AG,1663,15.56
Böztal,AG,2755,22.30
Braunau,TG,801,9.16
Bregaglia,GR,1556,251.35
Breggia,TI,1926,25.58
Breil/Brigels,GR,1731,96.58
Breitenbach,SO,3979,6.84
Bremblens,VD,584,2.94
Bremgarten (AG),AG,8415,11.31
Bremgarten bei Bern,BE,4340,1.88
Brenzikofen,BE,481,2.20
Bretigny-sur-Morrens,VD,859,2.84
Bretonnières,VD,267,5.53
Bretzwil,BL,743,7.38
Brienz (BE),BE,3158,48.09
Brienzwiler,BE,481,17.63
Brig-Glis,VS,13221,37.68
Brione sopra Minusio,TI,480,3.79
Brislach,BL,1690,9.41
Brissago,TI,1685,17.78
Brittnau,AG,3968,13.65
Broc,FR,2662,10.06
Brot-Plamboz,NE,290,16.16
Brugg,AG,12738,8.26
Brügg,BE,4371,5.02
Brunegg,AG,866,1.51
Brünisried,FR,670,3.27
Brusino Arsizio,TI,451,4.18
Brusio,GR,1120,46.25
Brüttelen,BE,582,6.62
Brütten,ZH,2063,6.65
Bubendorf,BL,4353,10.85
Bubikon,ZH,7371,11.61
Buch (SH),SH,323,3.81
Buch am Irchel,ZH,1022,10.16
Buchberg,SH,867,5.85
Buchegg,SO,2522,22.71
Buchholterberg,BE,1519,15.28
Buchillon,VD,687,2.13
Buchrain,LU,6400,4.79
Buchs (AG),AG,8121,5.32
Buchs (SG),SG,13053,15.94
Buchs (ZH),ZH,6555,5.87
Buckten,BL,702,2.02
Büetigen,BE,894,3.61
Bühl,BE,482,2.96
Bühler,AR,1860,5.59
Bülach,ZH,21998,16.06
Bulle,FR,24412,23.86
Bullet,VD,658,16.90
Bünzen,AG,1128,5.78
Buochs,NW,5313,9.92
Bürchen,VS,752,13.39
Bure,JU,645,13.71
Büren (SO),SO,1046,6.22
Büren an der Aare,BE,3622,12.63
Burg (AG),AG,1033,0.92
Burg im Leimental,BL,280,2.88
Burgdorf,BE,16583,15.60
Burgistein,BE,1093,7.52
Bürglen (TG),TG,3953,11.72
Bürglen (UR),UR,3930,53.10
Büron,LU,2662,5.36
Bursinel,VD,492,1.80
Bursins,VD,779,3.40
Burtigny,VD,403,5.69
Buseno,GR,91,11.25
Büsserach,SO,2296,7.54
Bussigny,VD,9603,4.78
Bussnang,TG,2473,18.91
Busswil bei Melchnau,BE,177,2.88
Bussy-sur-Moudon,VD,218,3.13
Bütschwil-Ganterschwil,SG,5041,21.85
Büttenhardt,SH,437,4.01
Büttikon,AG,1061,2.82
Buttisholz,LU,3322,16.68
Buttwil,AG,1234,4.56
Buus,BL,1083,8.86
Cademario,TI,761,3.94
Cadempino,TI,1521,0.76
Cadenazzo,TI,2998,8.40
Calanca,GR,201,37.67
Cama,GR,589,15.05
Campo (Vallemaggia),TI,49,43.41
Canobbio,TI,2302,1.25
Capriasca,TI,6755,36.27
Carouge (GE),GE,22536,2.65
Cartigny,GE,971,4.41
Caslano,TI,4327,2.80
Castaneda,GR,278,3.94
Castel San Pietro,TI,2194,11.79
Cazis,GR,2287,31.20
Celerina/Schlarigna,GR,1484,24.05
Céligny,GE,792,4.67
Centovalli,TI,1135,53.49
Cerentino,TI,40,20.10
Cevio,TI,1142,151.32
Chalais,VS,3606,24.37
Cham,ZG,17042,17.76
Chamblon,VD,560,2.86
Chamoson,VS,3986,32.47
Champagne,VD,1062,3.91
Champéry,VS,1371,38.92
Champoz,BE,174,7.16
Champtauroz,VD,144,3.03
Champvent,VD,696,8.98
Chancy,GE,1708,5.38
Chapelle (Glâne),FR,320,2.01
Chardonne,VD,3092,10.28
Château-d'Oex,VD,3487,113.58
Châtel-Saint-Denis,FR,7449,47.89
Châtel-sur-Montsalvens,FR,317,2.00
Châtillon (FR),FR,520,1.31
Châtillon (JU),JU,485,5.27
Châtonnaye,FR,858,6.32
Chavannes-de-Bogis,VD,1341,2.87
Chavannes-des-Bois,VD,1002,2.13
Chavannes-le-Chêne,VD,324,4.00
Chavannes-le-Veyron,VD,152,2.66
Chavannes-près-Renens,VD,8460,1.66
Chavannes-sur-Moudon,VD,223,5.15
Chavornay,VD,5229,19.24
Chêne-Bougeries,GE,12621,4.14
Chêne-Bourg,GE,8791,1.26
Chêne-Pâquier,VD,143,2.08
Chénens,FR,843,3.94
Cheseaux-Noréaz,VD,740,5.94
Cheseaux-sur-Lausanne,VD,4360,4.56
Chéserex,VD,1249,10.55
Chessel,VD,444,3.53
Chevilly,VD,317,3.82
Chevroux,VD,494,3.42
Chexbres,VD,2252,2.20
Cheyres-Châbles,FR,2320,9.71
Chiasso,TI,7581,5.30
Chigny,VD,396,0.89
Chippis,VS,1597,1.98
Choulex,GE,1182,3.91
Chur,GR,37424,54.24
Churwalden,GR,1936,48.57
Clarmont,VD,201,1.01
Clos du Doubs,JU,1263,61.77
Coeuve,JU,740,11.57
Coinsins,VD,509,2.95
Coldrerio,TI,2867,2.48
Collex-Bossy,GE,1686,6.86
Collina d'Oro,TI,4604,6.19
Collombey-Muraz,VS,9598,29.74
Collonge-Bellerive,GE,8445,6.15
Collonges,VS,832,12.22
Cologny,GE,5866,3.68
Comano,TI,2084,2.04
Commugny,VD,3004,6.53
Concise,VD,1001,11.38
Confignon,GE,4579,2.76
Conters im Prättigau,GR,220,18.40
Conthey,VS,8857,85.01
Coppet,VD,3280,1.85
Corbeyrier,VD,445,22.03
Corbières,FR,919,9.69
Corcelles (BE),BE,201,6.79
Corcelles-le-Jorat,VD,451,7.94
Corcelles-près-Concise,VD,418,4.06
Corcelles-près-Payerne,VD,2683,12.14
Corgémont,BE,1774,17.65
Corminboeuf,FR,2794,7.24
Cormoret,BE,494,13.52
Cornaux,NE,1587,4.71
Cornol,JU,1028,10.47
Corseaux,VD,2315,1.07
Corsier (GE),GE,2295,2.80
Corsier-sur-Vevey,VD,3419,6.73
Cortaillod,NE,4697,3.65
Cortébert,BE,696,14.82
Cossonay,VD,4223,8.23
Cottens (FR),FR,1482,4.98
Courchapoix,JU,446,6.43
Courchavon,JU,314,6.24
Courgenay,JU,2400,18.44
Courgevaux,FR,1438,3.38
Courrendlin,JU,3631,21.53
Courroux,JU,3313,19.75
Court,BE,1417,24.56
Courtedoux,JU,755,8.14
Courtelary,BE,1405,22.11
Courtepin,FR,5503,17.80
Courtételle,JU,2644,13.57
Crans,VD,2336,4.30
Crans-Montana,VS,10218,59.59
Crassier,VD,1172,2.02
Crémines,BE,488,9.46
Cressier (FR),FR,1015,4.18
Cressier (NE),NE,1892,8.61
Crésuz,FR,415,1.80
Crissier,VD,8727,5.50
Cronay,VD,396,6.58
Croy,VD,397,4.50
Cuarnens,VD,528,7.06
Cuarny,VD,232,4.62
Cudrefin,VD,1780,15.58
Cugnasco-Gerra,TI,2780,18.20
Cugy (FR),FR,1847,9.90
Cugy (VD),VD,2762,2.90
Cureglia,TI,1434,1.10
Curio,TI,578,2.77
Curtilles,VD,300,4.97
Dachsen,ZH,1917,2.65
Dägerlen,ZH,1037,7.96
Dagmersellen,LU,5680,23.90
Daillens,VD,1051,5.49
Dallenwil,NW,1848,15.52
Dällikon,ZH,4278,4.49
Dalpe,TI,174,14.52
Damphreux,JU,181,5.66
Däniken,SO,2891,5.46
Dänikon,ZH,1846,2.81
Dardagny,GE,1855,8.60
Därligen,BE,415,6.92
Därstetten,BE,862,32.85
Dättlikon,ZH,797,2.91
Davos,GR,10832,283.99
Degersheim,SG,4099,14.45
Deisswil bei Münchenbuchsee,BE,86,2.14
Deitingen,SO,2227,7.55
Delémont,JU,12618,22.01
Delley-Portalban,FR,1222,6.85
Démoret,VD,158,4.29
Denens,VD,742,3.29
Denges,VD,1725,1.69
Densbüren,AG,728,12.64
Derendingen,SO,6592,5.68
Develier,JU,1371,12.42
Diegten,BL,1615,9.61
Dielsdorf,ZH,5968,5.88
Diemerswil,BE,199,2.82
Diemtigen,BE,2253,130.00
Diepflingen,BL,756,1.43
Diepoldsau,SG,6479,11.19
Dierikon,LU,1579,2.77
Diessbach bei Büren,BE,991,6.31
Diessenhofen,TG,4085,10.00
Dietikon,ZH,28057,9.28
Dietlikon,ZH,7875,4.24
Dietwil,AG,1355,5.55
Dinhard,ZH,1741,7.07
Dintikon,AG,2317,3.72
Disentis/Mustér,GR,2009,91.05
Dittingen,BL,742,6.73
Dizy,VD,223,3.07
Domat/Ems,GR,8161,24.24
Domleschg,GR,2160,45.96
Dompierre (VD),VD,245,3.25
Donneloye,VD,828,8.97
Doppleschwand,LU,816,6.95
Dorénaz,VS,1040,12.54
Dorf,ZH,666,5.54
Dörflingen,SH,1010,5.78
Dornach,SO,6882,5.74
Dottikon,AG,3932,3.91
Döttingen,AG,4244,6.96
Dotzigen,BE,1490,4.23
Dozwil,TG,683,1.27
Drei Höfe,SO,748,4.57
Dübendorf,ZH,29907,13.62
Düdingen,FR,8300,30.76
Duggingen,BL,1554,5.91
Duillier,VD,1131,4.05
Dulliken,SO,5083,6.01
Dully,VD,624,1.64
Dürnten,ZH,7645,10.21
Dürrenäsch,AG,1329,5.90
Dürrenroth,BE,1052,14.06
Ebikon,LU,14066,9.72
Ebnat-Kappel,SG,5007,43.51
Echallens,VD,5729,6.69
Echandens,VD,2735,3.87
Echarlens,FR,847,4.62
Echichens,VD,3127,13.27
Eclépens,VD,1218,5.82
Ecublens (FR),FR,356,4.86
Ecublens (VD),VD,13157,5.73
Ederswiler,JU,118,3.34
Egerkingen,SO,4041,6.93
Egg,ZH,8829,14.51
Eggenwil,AG,1042,2.52
Eggerberg,VS,324,6.09
Eggersriet,SG,2334,8.91
Eggiwil,BE,2486,60.25
Eglisau,ZH,5491,9.10
Egliswil,AG,1484,6.34
Egnach,TG,4789,18.48
Egolzwil,LU,1530,4.15
Ehrendingen,AG,4880,7.28
Eich,LU,1600,5.91
Eichberg,SG,1554,5.50
Eiken,AG,2331,7.01
Einsiedeln,SZ,16247,99.00
Eischoll,VS,450,14.06
Eisten,VS,188,37.94
Elgg,ZH,4960,24.38
Ellikon an der Thur,ZH,936,4.97
Elsau,ZH,3657,8.04
Embd,VS,280,13.36
Embrach,ZH,9610,12.72
Emmen,LU,31039,20.38
Emmetten,NW,1541,25.05
Endingen,AG,2597,11.85
Engelberg,OW,4194,74.89
Enges,NE,266,9.56
Ennetbaden,AG,3486,2.13
Ennetbürgen,NW,4866,9.40
Ennetmoos,NW,2254,14.09
Entlebuch,LU,3230,56.97
Epalinges,VD,9769,4.61
Ependes (VD),VD,389,4.80
Eppenberg-Wöschnau,SO,311,1.81
Epsach,BE,326,3.39
Eptingen,BL,543,11.21
Ergisch,VS,177,29.52
Eriswil,BE,1358,11.30
Eriz,BE,485,21.79
Erlach,BE,1386,3.44
Erlen,TG,3802,12.23
Erlenbach (ZH),ZH,5606,2.97
Erlenbach im Simmental,BE,1724,36.67
Erlinsbach (AG),AG,4400,9.87
Erlinsbach (SO),SO,3572,8.85
Ermatingen,TG,3640,10.42
Ermensee,LU,1029,5.72
Ernen,VS,518,35.36
Erschwil,SO,948,7.47
Ersigen,BE,2063,15.46
Erstfeld,UR,3861,59.05
Eschenbach (LU),LU,3677,13.20
Eschenbach (SG),SG,9614,54.92
Eschenz,TG,1868,12.02
Eschert,BE,377,6.58
Eschlikon,TG,4577,6.20
Escholzmatt-Marbach,LU,4349,106.34
Essertines-sur-Rolle,VD,741,7.01
Essertines-sur-Yverdon,VD,1037,9.76
Estavayer,FR,9988,44.89
Etagnières,VD,1146,3.76
Etoy,VD,2906,4.92
Ettingen,BL,5448,6.37
Ettiswil,LU,2792,12.52
Etziken,SO,973,3.37
Evilard,BE,2672,3.67
Evionnaz,VS,1345,48.07
Evolène,VS,1647,209.83
Eysins,VD,1738,2.36
Fahrni,BE,811,6.66
Fahrwangen,AG,2338,3.98
Fahy,JU,347,7.76
Faido,TI,2823,132.44
Falera,GR,625,22.35
Fällanden,ZH,8934,6.36
Faoug,VD,879,3.49
Farnern,BE,227,3.65
Féchy,VD,871,2.69
Fehraltorf,ZH,6574,9.50
Fehren,SO,595,1.48
Felben-Wellhausen,TG,2874,7.38
Feldbrunnen-St. Niklaus,SO,975,2.50
Felsberg,GR,2640,13.39
Ferden,VS,247,27.90
Ferenbalm,BE,1214,9.16
Ferpicloz,FR,267,1.02
Ferrera,GR,79,75.44
Ferreyres,VD,319,3.19
Fétigny,FR,1080,4.07
Feuerthalen,ZH,3697,2.50
Feusisberg,SZ,5427,17.49
Fey,VD,749,7.43
Fideris,GR,595,25.33
Fiesch,VS,909,11.04
Fieschertal,VS,326,172.79
Fiez,VD,451,6.81
Finhaut,VS,381,22.80
Finsterhennen,BE,562,3.57
Fischbach,LU,702,8.04
Fischbach-Göslikon,AG,1672,3.09
Fischenthal,ZH,2501,30.17
Fischingen,TG,2836,30.66
Fisibach,AG,543,5.72
Fislisbach,AG,5578,5.12
Flaach,ZH,1430,10.20
Fläsch,GR,831,19.95
Flawil,SG,10510,11.48
Flerden,GR,247,6.07
Flims,GR,2915,50.46
Flüelen,UR,2025,12.41
Flühli,LU,1836,108.09
Flumenthal,SO,1052,3.08
Flums,SG,4964,75.18
Flurlingen,ZH,1552,2.41
Fontaines-sur-Grandson,VD,219,7.93
Fontenais,JU,1690,19.97
Forel (Lavaux),VD,2107,18.48
Forst-Längenbühl,BE,769,4.53
Founex,VD,3874,4.78
Fräschels,FR,456,3.14
Fraubrunnen,BE,5203,31.97
Frauenfeld,TG,25974,27.38
Frauenkappelen,BE,1320,9.28
Freienbach,SZ,16520,13.82
Freienstein-Teufen,ZH,2397,8.34
Freienwil,AG,1110,4.00
Freimettigen,BE,461,2.96
Frenkendorf,BL,6481,4.61
Fribourg,FR,38039,9.33
Frick,AG,5629,9.97
Froideville,VD,2695,7.02
Frutigen,BE,6967,72.30
Fulenbach,SO,1772,4.47
Full-Reuenthal,AG,883,4.86
Füllinsdorf,BL,4549,4.63
Fully,VS,8793,37.85
Furna,GR,207,33.25
Fürstenau,GR,350,1.30
Gächlingen,SH,903,7.21
Gachnang,TG,4483,9.83
Gais,AR,3066,21.21
Gaiserwald,SG,8389,12.64
Galgenen,SZ,5277,13.22
Gals,BE,828,7.90
Gambarogno,TI,5163,51.71
Gampel-Bratsch,VS,1997,23.05
Gampelen,BE,950,10.56
Gams,SG,3587,22.28
Gansingen,AG,1066,8.78
Gebenstorf,AG,5514,5.68
Gelterkinden,BL,6218,9.77
Geltwil,AG,221,3.27
Gempen,SO,904,5.97
Genève,GE,203856,15.89
Genolier,VD,1989,4.85
Genthod,GE,2893,2.81
Gerlafingen,SO,5502,1.89
Geroldswil,ZH,5046,1.90
Gersau,SZ,2364,14.36
Gerzensee,BE,1237,7.81
Geuensee,LU,2882,6.43
Gibloux,FR,7622,36.12
Giebenach,BL,1086,1.33
Giez,VD,413,4.77
Giffers,FR,1664,5.21
Gilly,VD,1428,7.74
Gimel,VD,2311,18.91
Gingins,VD,1252,12.60
Giornico,TI,806,19.55
Gipf-Oberfrick,AG,3731,10.18
Gisikon,LU,1421,1.10
Giswil,OW,3676,85.90
Givisiez,FR,3143,3.47
Givrins,VD,1031,3.94
Gland,VD,13258,8.37
Glarus,GL,12539,103.58
Glarus Nord,GL,18832,147.07
Glarus Süd,GL,9480,430.06
Glattfelden,ZH,5266,12.28
Gletterens,FR,1094,2.59
Goldach,SG,9476,4.74
Gollion,VD,997,5.48
Gommiswald,SG,5316,33.65
Goms,VS,1160,128.96
Gondiswil,BE,711,9.37
Gonten,AI,1442,24.76
Gontenschwil,AG,2130,9.75
Gordola,TI,4650,6.94
Göschenen,UR,428,104.13
Gossau (SG),SG,17990,27.44
Gossau (ZH),ZH,10282,18.32
Gottlieben,TG,337,0.31
Goumoëns,VD,1153,10.67
Graben,BE,336,3.17
Grabs,SG,7220,54.68
Grächen,VS,1258,14.26
Grancia,TI,477,0.61
Grancy,VD,407,5.63
Grandcour,VD,967,10.22
Grandevent,VD,226,3.44
Grandfontaine,JU,387,8.95
Grandson,VD,3358,7.85
Grandval,BE,388,8.23
Grandvillard,FR,845,24.33
Granges (Veveyse),FR,854,4.47
Granges-Paccot,FR,3839,3.95
Grangettes,FR,218,3.36
Gränichen,AG,8147,17.28
Gravesano,TI,1359,0.71
Greifensee,ZH,5307,2.27
Grellingen,BL,1860,3.30
Grenchen,SO,17577,26.04
Greng,FR,178,0.97
Grengiols,VS,431,58.53
Grens,VD,406,2.55
Greppen,LU,1185,3.34
Gretzenbach,SO,2772,5.83
Grimisuat,VS,3584,4.44
Grindel,SO,502,3.05
Grindelwald,BE,3800,171.34
Grolley,FR,2084,5.35
Grône,VS,2485,20.26
Grono,GR,1397,37.11
Grossaffoltern,BE,3033,15.14
Grossdietwil,LU,855,10.20
Grosshöchstetten,BE,4143,6.92
Grosswangen,LU,3293,19.72
Grub (AR),AR,980,4.20
Grüningen,ZH,3716,8.75
Grüsch,GR,2115,43.28
Gruyères,FR,2205,28.48
Gryon,VD,1376,15.22
Gsteig,BE,981,62.42
Gsteigwiler,BE,402,7.03
Guggisberg,BE,1490,54.95
Gündlischwand,BE,351,16.77
Günsberg,SO,1179,5.30
Gunzgen,SO,1689,3.90
Gurbrü,BE,254,1.87
Gurmels,FR,4487,17.28
Gurtnellen,UR,512,83.41
Gurzelen,BE,884,4.48
Guttannen,BE,245,200.84
Guttet-Feschel,VS,414,10.41
Güttingen,TG,1668,9.56
Gy,GE,473,3.19
Habkern,BE,634,50.96
Habsburg,AG,428,2.24
Häfelfingen,BL,253,3.97
Hagenbuch,ZH,1095,8.15
Hägendorf,SO,5177,13.90
Häggenschwil,SG,1389,9.12
Hägglingen,AG,2437,7.76
Hagneck,BE,420,1.85
Hallau,SH,2180,15.34
Hallwil,AG,949,2.20
Halten,SO,850,1.88
Härkingen,SO,1644,5.51
Hasle (LU),LU,1739,40.33
Hasle bei Burgdorf,BE,3302,21.92
Hasliberg,BE,1158,41.75
Hauenstein-Ifenthal,SO,306,5.31
Hauptwil-Gottshaus,TG,2017,12.51
Hausen (AG),AG,3734,3.17
Hausen am Albis,ZH,3801,13.63
Haut-Intyamon,FR,1588,60.32
Haute-Ajoie,JU,1096,40.93
Haute-Sorne,JU,7167,71.05
Hautemorges,VD,4106,32.95
Hauterive (FR),FR,2597,11.93
Hauterive (NE),NE,2636,2.16
Hauteville,FR,678,10.54
Häutligen,BE,256,3.06
Hedingen,ZH,3795,6.56
Hefenhofen,TG,1277,6.18
Heiden,AR,4188,7.49
Heiligenschwendi,BE,725,5.51
Heimberg,BE,6968,5.40
Heimenhausen,BE,1136,5.84
Heimiswil,BE,1632,23.31
Heitenried,FR,1395,9.10
Hellikon,AG,780,7.07
Hellsau,BE,214,1.50
Hemberg,SG,909,20.22
Hemishofen,SH,471,7.89
Hemmiken,BL,258,3.41
Hendschiken,AG,1336,3.49
Henggart,ZH,2293,3.04
Henniez,VD,391,2.61
Herbetswil,SO,568,16.31
Herbligen,BE,593,2.74
Herdern,TG,1117,13.73
Hérémence,VS,1433,107.51
Hergiswil (NW),NW,5863,14.25
Hergiswil bei Willisau,LU,1908,31.34
Herisau,AR,15649,25.23
Hermance,GE,1073,1.45
Hermenches,VD,382,4.78
Hermrigen,BE,307,3.45
Herrliberg,ZH,6567,8.98
Hersberg,BL,350,1.69
Herznach,AG,1568,6.22
Herzogenbuchsee,BE,7293,9.83
Hettlingen,ZH,3101,5.82
Hildisrieden,LU,2437,6.99
Hilterfingen,BE,4094,2.80
Himmelried,SO,961,6.05
Hindelbank,BE,2638,9.70
Hinwil,ZH,11354,22.27
Hirschthal,AG,1645,3.54
Hittnau,ZH,3733,12.99
Hitzkirch,LU,5916,27.59
Hochdorf,LU,9872,9.56
Hochfelden,ZH,2020,6.18
Höchstetten,BE,279,2.57
Hochwald,SO,1275,8.29
Hofstetten bei Brienz,BE,531,8.73
Hofstetten-Flüh,SO,3206,7.52
Hohenrain,LU,2429,23.33
Hohentannen,TG,612,8.00
Holderbank (AG),AG,1408,2.33
Holderbank (SO),SO,705,7.78
Hölstein,BL,2560,5.97
Holziken,AG,1543,2.86
Homberg,BE,510,6.48
Hombrechtikon,ZH,8815,12.20
Homburg,TG,1543,24.15
Honau,LU,414,1.24
Horgen,ZH,23090,30.75
Höri,ZH,2951,4.77
Horn,TG,2888,1.75
Horrenbach-Buchen,BE,226,20.41
Horriwil,SO,836,2.62
Horw,LU,14211,12.85
Hospental,UR,182,35.13
Hubersdorf,SO,725,1.37
Humlikon,ZH,484,3.68
Hundwil,AR,968,24.19
Hünenberg,ZG,8768,18.40
Hüniken,SO,153,1.01
Hüntwangen,ZH,1067,4.90
Hunzenschwil,AG,4209,3.26
Hüttikon,ZH,951,1.60
Hüttlingen,TG,829,11.65
Huttwil,BE,5009,17.31
Hüttwilen,TG,1765,17.63
Icogne,VS,633,24.93
Iffwil,BE,428,5.07
Ilanz/Glion,GR,4797,133.44
Illgau,SZ,795,10.98
Illnau-Effretikon,ZH,17352,32.91
Inden,VS,115,9.79
Ingenbohl,SZ,8977,13.42
Inkwil,BE,628,3.38
Innerthal,SZ,178,50.19
Innertkirchen,BE,1072,236.54
Ins,BE,3560,23.91
Interlaken,BE,5719,4.29
Inwil,LU,2706,10.29
Ipsach,BE,3913,1.89
Iseltwald,BE,415,21.92
Isenthal,UR,476,60.96
Isérables,VS,827,15.31
Islisberg,AG,643,1.64
Isone,TI,395,12.91
Itingen,BL,2186,3.11
Ittigen,BE,11430,4.22
Jaberg,BE,306,1.28
Jaun,FR,633,55.24
Jegenstorf,BE,5738,13.52
Jenaz,GR,1147,25.95
Jenins,GR,915,10.50
Jens,BE,633,4.62
Jonen,AG,2210,5.69
Jongny,VD,1671,2.16
Jonschwil,SG,3873,11.05
Jorat-Menthue,VD,1602,17.70
Jorat-Mézières,VD,2968,11.11
Jouxtens-Mézery,VD,1412,1.92
Juriens,VD,336,9.32
Jussy,GE,1233,11.35
Kaiseraugst,AG,5550,4.90
Kaisten,AG,2754,18.09
Kallern,AG,399,2.67
Kallnach,BE,2220,18.05
Kaltbrunn,SG,4976,18.56
Kammersrohr,SO,32,0.94
Kandergrund,BE,807,32.11
Kandersteg,BE,1288,134.24
Känerkinden,BL,535,1.43
Kappel (SO),SO,3278,5.13
Kappel am Albis,ZH,1245,7.82
Kappelen,BE,1420,10.88
Kaufdorf,BE,1073,2.06
Kehrsatz,BE,4380,4.45
Kemmental,TG,2603,25.08
Kernenried,BE,547,3.32
Kerns,OW,6332,92.59
Kerzers,FR,5037,12.26
Kesswil,TG,998,4.41
Kestenholz,SO,1848,8.61
Kienberg,SO,503,8.56
Kiesen,BE,1012,4.68
Kilchberg (BL),BL,161,1.60
Kilchberg (ZH),ZH,9207,2.59
Killwangen,AG,2051,2.41
Kippel,VS,310,11.68
Kirchberg (BE),BE,5919,9.02
Kirchberg (SG),SG,9241,42.56
Kirchdorf (BE),BE,1796,14.63
Kirchleerau,AG,898,4.35
Kirchlindach,BE,3200,11.92
Kleinandelfingen,ZH,2104,10.29
Kleinbösingen,FR,699,3.03
Kleinlützel,SO,1218,16.34
Klingnau,AG,3540,6.72
Klosters,GR,4416,219.89
Kloten,ZH,20429,19.33
Knonau,ZH,2369,6.49
Knutwil,LU,2271,9.73
Koblenz,AG,1671,4.06
Kölliken,AG,4559,8.84
Köniz,BE,42388,51.06
Konolfingen,BE,5451,12.71
Koppigen,BE,2104,6.93
Kradolf-Schönenberg,TG,3677,10.94
Krattigen,BE,1130,5.99
Krauchthal,BE,2384,19.37
Kreuzlingen,TG,22390,11.48
Kriechenwil,BE,441,4.78
Kriegstetten,SO,1292,1.12
Kriens,LU,28245,27.25
Küblis,GR,891,8.13
Künten,AG,1838,4.89
Küsnacht (ZH),ZH,14811,12.32
Küssnacht (SZ),SZ,13531,29.46
Küttigen,AG,6295,11.89
L'Abbaye,VD,1474,31.91
L'Abergement,VD,256,5.81
L'Isle,VD,1064,16.26
La Baroche,JU,1135,31.13
La Brévine,NE,624,41.93
La Brillaz,FR,2080,10.28
La Chaux (Cossonay),VD,392,6.77
La Chaux-de-Fonds,NE,36915,55.74
La Chaux-des-Breuleux,JU,96,4.05
La Chaux-du-Milieu,NE,514,17.36
La Côte-aux-Fées,NE,458,12.86
La Ferrière,BE,530,14.17
La Grande-Béroche,NE,8825,42.21
La Neuveville,BE,3780,6.80
La Praz,VD,175,5.11
La Punt Chamues-ch,GR,686,63.22
La Rippe,VD,1137,16.56
La Roche,FR,1821,24.03
La Sagne,NE,1058,25.61
La Sarraz,VD,2595,7.75
La Sonnaz,FR,1233,6.93
La Tène,NE,5176,5.32
La Tour-de-Peilz,VD,12068,3.27
La Verrerie,FR,1301,13.45
Laax,GR,1974,31.68
Lachen,SZ,9137,2.40
Laconnex,GE,710,3.82
Lajoux (JU),JU,671,12.39
Lalden,VS,668,1.28
Lamone,TI,1694,1.86
Lampenberg,BL,520,4.04
Lancy,GE,33989,4.84
Landiswil,BE,619,10.26
Landquart,GR,8857,18.92
Langenbruck,BL,951,15.70
Langendorf,SO,3775,1.96
Langenthal,BE,15959,21.14
Langnau am Albis,ZH,7902,8.67
Langnau im Emmental,BE,9262,48.38
Langrickenbach,TG,1337,10.85
Lantsch/Lenz,GR,560,21.83
Lauenen,BE,828,58.55
Lauerz,SZ,1136,9.18
Läufelfingen,BL,1270,8.14
Laufen,BL,5777,11.35
Laufen-Uhwiesen,ZH,1779,6.29
Laufenburg,AG,3659,14.45
Laupen,BE,3230,4.10
Laupersdorf,SO,1810,15.55
Lauperswil,BE,2663,21.17
Lausanne,VD,140202,41.37
Lausen,BL,5463,5.54
Lauterbrunnen,BE,2301,164.36
Lauwil,BL,308,7.32
Lavertezzo,TI,1245,0.90
Lavey-Morcles,VD,944,14.16
Lavigny,VD,1006,3.97
Lavizzara,TI,500,187.53
Lax,VS,329,5.42
Le Bémont (JU),JU,324,11.67
Le Cerneux-Péquignot,NE,313,15.68
Le Châtelard,FR,349,7.47
Le Chenit,VD,4595,99.18
Le Flon,FR,1223,9.58
Le Grand-Saconnex,GE,12378,4.36
Le Landeron,NE,4642,10.23
Le Lieu,VD,887,32.52
Le Locle,NE,9864,34.66
Le Mont-sur-Lausanne,VD,9144,9.72
Le Mouret,FR,3148,18.60
Le Noirmont,JU,1914,20.39
Le Pâquier (FR),FR,1338,4.49
Le Vaud,VD,1364,3.13
Leibstadt,AG,1404,6.38
Leimbach (AG),AG,489,1.13
Leissigen,BE,1171,10.41
Lengnau (AG),AG,2770,12.64
Lengnau (BE),BE,5316,7.43
Lengwil,TG,1730,8.84
Lenk,BE,2314,123.07
Lens,VS,4317,14.01
Lenzburg,AG,11024,11.35
Les Bois,JU,1246,24.65
Les Breuleux,JU,1528,10.82
Les Clées,VD,187,7.04
Les Enfers,JU,149,7.07
Les Genevez (JU),JU,516,13.62
Les Montets,FR,1535,10.31
Les Planchettes,NE,210,11.69
Les Ponts-de-Martel,NE,1230,18.13
Les Verrières,NE,646,28.86
Leuggern,AG,2180,13.73
Leuk,VS,3991,55.13
Leukerbad,VS,1329,67.32
Leutwil,AG,745,3.76
Leuzigen,BE,1295,10.25
Leysin,VD,3623,18.54
Leytron,VS,3230,26.88
Lichtensteig,SG,1879,2.83
Liddes,VS,735,58.66
Liedertswil,BL,161,1.94
Liesberg,BL,1101,12.47
Liestal,BL,14769,18.17
Ligerz,BE,545,1.75
Lignerolle,VD,435,10.62
Lignières,NE,979,12.51
Lindau,ZH,5585,11.92
Linden,BE,1304,13.25
Linescio,TI,42,6.60
Locarno,TI,15728,18.79
Lohn (SH),SH,745,4.88
Lohn-Ammannsegg,SO,2870,4.52
Löhningen,SH,1498,6.85
Lommis,TG,1243,8.63
Lommiswil,SO,1587,5.77
Lonay,VD,2675,3.71
Longirod,VD,495,9.48
Losone,TI,6647,9.26
Lostallo,GR,840,50.90
Lostorf,SO,3963,13.27
Lotzwil,BE,2663,6.20
Lovatens,VD,142,3.47
Loveresse,BE,349,4.70
Lucens,VD,4298,19.29
Lufingen,ZH,2562,5.18
Lugano,TI,62315,75.98
Lugnez,JU,188,5.12
Luins,VD,619,2.64
Lully (FR),FR,1156,5.44
Lully (VD),VD,823,2.05
Lumino,TI,1587,10.17
Lumnezia,GR,1996,165.44
Lungern,OW,2138,46.49
Lupfig,AG,3157,8.45
Lupsingen,BL,1440,3.14
Lüscherz,BE,559,5.37
Lussery-Villars,VD,458,3.74
Lüsslingen-Nennigkofen,SO,1101,7.81
Lussy-sur-Morges,VD,722,2.36
Luterbach,SO,3555,4.55
Lüterkofen-Ichertswil,SO,878,4.39
Lüterswil-Gächliwil,SO,339,3.10
Luthern,LU,1245,37.83
Lütisburg,SG,1614,14.05
Lutry,VD,10459,8.43
Lütschental,BE,214,12.29
Lützelflüh,BE,4211,26.86
Lutzenberg,AR,1271,2.25
Luzein,GR,1596,83.82
Luzern,LU,82620,29.07
Lyss,BE,15763,14.87
Lyssach,BE,1466,6.04
Madiswil,BE,3284,23.16
Madulain,GR,206,16.35
Magden,AG,3872,11.01
Mägenwil,AG,2139,3.49
Maggia,TI,2611,111.17
Magliaso,TI,1600,1.10
Maienfeld,GR,3029,32.37
Maisprach,BL,931,5.02
Malans,GR,2462,11.38
Malters,LU,7410,28.60
Mammern,TG,677,5.47
Mandach,AG,325,5.56
Männedorf,ZH,11397,4.76
Manno,TI,1290,2.38
Maracon,VD,537,4.44
Marbach (SG),SG,2139,4.41
Marchissy,VD,483,11.94
Marly,FR,8222,7.71
Marsens,FR,2034,7.83
Märstetten,TG,2896,9.93
Marthalen,ZH,1933,14.15
Martigny,VS,20276,32.59
Martigny-Combe,VS,2333,37.45
Maschwanden,ZH,641,4.68
Masein,GR,500,4.19
Massagno,TI,6272,0.74
Massongex,VS,1923,6.61
Massonnens,FR,548,4.30
Mathod,VD,651,6.60
Matran,FR,1620,2.92
Matten bei Interlaken,BE,4060,5.99
Mattstetten,BE,580,3.78
Matzendorf,SO,1321,11.29
Matzingen,TG,3029,7.69
Mauborget,VD,127,5.52
Mauensee,LU,1489,7.23
Maur,ZH,10780,14.81
Mauraz,VD,59,0.50
Medel (Lucmagn),GR,344,136.22
Meggen,LU,7562,7.25
Meienried,BE,53,0.65
Meierskappel,LU,1477,6.75
Meikirch,BE,2526,10.24
Meilen,ZH,14539,11.88
Meinier,GE,2115,6.94
Meinisberg,BE,1326,4.37
Meiringen,BE,4666,40.67
Meisterschwanden,AG,3032,4.28
Melchnau,BE,1488,10.37
Melide,TI,1830,1.64
Mellikon,AG,228,2.71
Mellingen,AG,5865,4.82
Mels,SG,8716,139.16
Meltingen,SO,655,5.76
Mendrisio,TI,14902,31.72
Ménières,FR,427,4.35
Menziken,AG,6518,6.40
Menzingen,ZG,4540,27.46
Menznau,LU,2966,30.38
Merenschwand,AG,3712,13.53
Mergoscia,TI,201,12.15
Merishausen,SH,877,17.54
Mervelier,JU,528,9.76
Merzligen,BE,389,2.26
Mesocco,GR,1323,164.75
Messen,SO,1471,11.90
Mettauertal,AG,2067,21.59
Mettembert,JU,108,2.36
Mettmenstetten,ZH,5380,13.07
Metzerlen-Mariastein,SO,938,8.50
Mex (VD),VD,790,2.90
Meyriez,FR,590,0.34
Meyrin,GE,26129,9.90
Mézières (FR),FR,1062,8.95
Mezzovico-Vira,TI,1387,11.13
Mies,VD,2165,3.51
Miglieglia,TI,324,5.14
Milvignes,NE,9063,8.82
Minusio,TI,7356,5.84
Mirchel,BE,616,2.35
Misery-Courtion,FR,2225,11.39
Missy,VD,368,3.05
Möhlin,AG,11088,18.81
Moiry,VD,311,6.68
Mollens (VD),VD,330,11.06
Molondin,VD,252,5.52
Mönchaltorf,ZH,4082,7.61
Mont-la-Ville,VD,490,19.81
Mont-Noble,VS,1102,43.85
Mont-sur-Rolle,VD,2658,3.85
Mont-Tramelan,BE,111,4.71
Mont-Vully,FR,4123,17.50
Montagny (FR),FR,2712,17.52
Montagny-près-Yverdon,VD,738,3.51
Montanaire,VD,2777,33.47
Montcherand,VD,505,3.04
Monteceneri,TI,4535,36.00
Montet (Glâne),FR,444,2.22
Montfaucon,JU,572,18.24
Mönthal,AG,393,3.93
Monthey,VS,17820,28.65
Montilliez,VD,1858,11.84
Montpreveyres,VD,653,4.16
Montreux,VD,26090,33.46
Montricher,VD,964,25.95
Moosleerau,AG,915,3.86
Moosseedorf,BE,4092,6.36
Morbio Inferiore,TI,4441,2.28
Morcote,TI,734,2.78
Mörel-Filet,VS,707,8.50
Morges,VD,16101,3.87
Mörigen,BE,875,2.20
Möriken-Wildegg,AG,4561,6.60
Morlon,FR,643,2.61
Morrens (VD),VD,1154,3.71
Morschach,SZ,1151,20.85
Mörschwil,SG,3676,9.86
Mosnang,SG,2889,50.55
Moudon,VD,6101,15.65
Moutier,BE,7348,19.69
Movelier,JU,415,8.06
Muhen,AG,3985,7.02
Mühlau,AG,1218,5.52
Mühleberg,BE,2997,26.29
Müllheim,TG,3002,8.77
Mülligen,AG,1074,3.18
Mümliswil-Ramiswil,SO,2386,35.40
Mumpf,AG,1543,3.15
Münchenbuchsee,BE,10233,8.84
Münchenstein,BL,12063,7.18
Münchenwiler,BE,518,2.48
Münchwilen (AG),AG,1007,2.48
Münchwilen (TG),TG,5830,7.81
Münsingen,BE,12966,15.84
Münsterlingen,TG,3512,5.46
Muntelier,FR,976,1.14
Muntogna da Schons,GR,363,53.59
Müntschemier,BE,1561,4.86
Muolen,SG,1224,10.37
Muotathal,SZ,3470,172.16
Muralto,TI,2604,0.59
Murgenthal,AG,2959,18.61
Muri (AG),AG,8244,12.32
Muri bei Bern,BE,13182,7.59
Muriaux,JU,490,16.89
Murten,FR,9358,36.41
Mutrux,VD,148,3.22
Muttenz,BL,17938,16.61
Muzzano,TI,787,1.52
Naters,VS,10290,147.36
Nebikon,LU,2713,3.73
Neckertal,SG,4064,48.95
Neerach,ZH,3229,6.00
Neftenbach,ZH,5756,15.05
Neggio,TI,322,0.89
Nendaz,VS,6805,85.89
Nenzlingen,BL,447,3.68
Nesslau,SG,3608,92.62
Neuchâtel,NE,44531,30.08
Neuendorf,SO,2277,7.14
Neuenegg,BE,5601,21.90
Neuenhof,AG,8954,5.41
Neuenkirch,LU,7174,25.46
Neuhausen am Rheinfall,SH,10467,7.99
Neuheim,ZG,2240,7.93
Neunforn,TG,1086,11.35
Neunkirch,SH,2404,17.88
Neyruz,FR,2757,5.56
Nidau,BE,6943,1.53
Niederbipp,BE,5097,19.77
Niederbuchsiten,SO,1260,5.47
Niederbüren,SG,1507,15.82
Niederdorf,BL,1822,4.37
Niedergesteln,VS,744,17.69
Niederglatt,ZH,4938,3.61
Niedergösgen,SO,3897,4.32
Niederhasli,ZH,9449,11.29
Niederhelfenschwil,SG,3181,16.37
Niederhünigen,BE,657,5.40
Niederlenz,AG,4841,3.29
Niedermuhlern,BE,512,7.19
Niederönz,BE,1691,2.81
Niederried bei Interlaken,BE,368,4.26
Niederrohrdorf,AG,4225,3.34
Niederweningen,ZH,3089,6.85
Niederwil (AG),AG,2863,6.07
Noble-Contrée,VS,4550,6.50
Nods,BE,788,26.60
Nottwil,LU,4048,10.33
Novaggio,TI,821,4.33
Novalles,VD,100,2.01
Novazzano,TI,2338,5.21
Noville,VD,1178,10.40
Nuglar-St. Pantaleon,SO,1516,6.34
Nunningen,SO,1914,10.25
Nürensdorf,ZH,5628,10.09
Nusshof,BL,259,1.73
Nuvilly,FR,471,3.95
Nyon,VD,21718,6.87
Oberägeri,ZG,6382,30.03
Oberbalm,BE,866,12.34
Oberbipp,BE,1753,8.45
Oberbuchsiten,SO,2296,9.36
Oberbüren,SG,4576,17.80
Oberburg,BE,2937,14.12
Oberdiessbach,BE,3552,16.52
Oberdorf (BL),BL,2432,6.29
Oberdorf (NW),NW,3080,16.10
Oberdorf (SO),SO,1776,11.89
Oberegg,AI,1926,14.61
Oberembrach,ZH,1105,10.19
Oberems,VS,120,50.19
Oberengstringen,ZH,6721,2.13
Oberentfelden,AG,8568,7.21
Obergerlafingen,SO,1247,1.50
Oberglatt,ZH,7386,8.26
Obergoms,VS,654,155.93
Obergösgen,SO,2359,3.62
Oberhallau,SH,447,6.03
Oberhelfenschwil,SG,1241,12.71
Oberhof,AG,570,8.15
Oberhofen am Thunersee,BE,2445,2.75
Oberhünigen,BE,316,6.04
Oberiberg,SZ,878,33.18
Oberkirch,LU,4937,9.11
Oberkulm,AG,2776,9.43
Oberlangenegg,BE,483,9.13
Oberlunkhofen,AG,2079,3.27
Obermumpf,AG,1048,5.03
Oberried am Brienzersee,BE,461,20.18
Oberrieden,ZH,5122,2.76
Oberriet (SG),SG,8996,34.55
Oberrohrdorf,AG,4037,4.32
Oberrüti,AG,1544,5.34
Obersaxen Mundaun,GR,1164,70.31
Obersiggenthal,AG,8661,8.37
Oberthal,BE,721,10.55
Oberuzwil,SG,6491,14.09
Oberweningen,ZH,1897,4.91
Oberwil (BL),BL,11104,7.87
Oberwil bei Büren,BE,887,6.75
Oberwil im Simmental,BE,804,45.91
Oberwil-Lieli,AG,2501,5.36
Obfelden,ZH,5779,7.56
Ochlenberg,BE,563,12.10
Oekingen,SO,878,2.39
Oensingen,SO,6276,12.07
Oeschenbach,BE,220,3.88
Oeschgen,AG,1049,4.42
Oetwil am See,ZH,4857,6.09
Oetwil an der Limmat,ZH,2529,2.77
Oftringen,AG,14455,12.88
Ogens,VD,301,3.38
Ollon,VD,7624,59.53
Olsberg,AG,356,4.64
Olten,SO,18496,11.46
Oltingen,BL,506,7.20
Onex,GE,18933,2.82
Onnens (VD),VD,506,5.13
Onsernone,TI,663,105.27
Opfikon,ZH,20954,5.60
Oppens,VD,204,3.62
Oppligen,BE,638,3.41
Orbe,VD,7108,12.04
Orges,VD,343,4.06
Origlio,TI,1497,2.08
Ormalingen,BL,2282,6.94
Ormont-Dessous,VD,1182,64.10
Ormont-Dessus,VD,1467,61.60
Orny,VD,462,5.51
Oron,VD,6054,26.28
Orpund,BE,3052,3.94
Orselina,TI,706,1.94
Orsières,VS,3194,164.91
Orvin,BE,1198,21.62
Orzens,VD,201,4.21
Ossingen,ZH,1724,13.09
Ostermundigen,BE,17758,5.97
Otelfingen,ZH,2943,7.19
Othmarsingen,AG,3037,4.72
Ottenbach,ZH,2704,5.01
Oulens-sous-Echallens,VD,617,5.87
Pailly,VD,568,5.76
Paradiso,TI,4368,0.89
Paudex,VD,1540,0.49
Payerne,VD,10069,24.22
Penthalaz,VD,3207,3.85
Penthaz,VD,1855,3.85
Penthéréaz,VD,419,5.71
Perly-Certoux,GE,3127,2.56
Perrefitte,BE,481,8.61
Perroy,VD,1518,2.87
Personico,TI,326,38.91
Péry-La Heutte,BE,1908,23.75
Petit-Val,BE,392,23.82
Pfäfers,SG,1528,128.41
Pfäffikon,ZH,12174,19.51
Pfaffnau,LU,2674,17.66
Pfeffingen,BL,2408,4.86
Pfungen,ZH,3948,4.99
Pfyn,TG,2103,13.07
Pierrafortscha,FR,157,5.07
Pieterlen,BE,4784,8.37
Plaffeien,FR,3613,66.61
Plan-les-Ouates,GE,10601,5.82
Plasselb,FR,1010,18.16
Plateau de Diesse,BE,2056,25.62
Pleigne,JU,349,17.81
Pohlern,BE,232,9.89
Poliez-Pittet,VD,830,4.97
Pollegio,TI,800,5.98
Pompaples,VD,847,4.44
Pomy,VD,807,5.60
Pont-en-Ogoz,FR,1951,10.13
Pont-la-Ville,FR,609,4.36
Ponte Capriasca,TI,1871,6.21
Ponthaux,FR,779,5.93
Pontresina,GR,2178,118.21
Porrentruy,JU,6434,14.79
Port,BE,3801,2.43
Port-Valais,VS,4283,14.37
Porza,TI,1547,1.54
Poschiavo,GR,3441,190.97
Prangins,VD,4099,6.05
Prato (Leventina),TI,388,16.82
Pratteln,BL,16606,10.74
Pregny-Chambésy,GE,3803,3.25
Premier,VD,218,6.05
Presinge,GE,696,4.72
Préverenges,VD,5242,1.85
Prévondavaux,FR,83,1.83
Prévonloup,VD,202,1.81
Prez,FR,2345,16.05
Prilly,VD,12360,2.19
Provence,VD,392,31.88
Puidoux,VD,2888,22.80
Pully,VD,18694,5.94
Puplinge,GE,2488,2.65
Pura,TI,1346,3.09
Quarten,SG,2988,61.69
Quinto,TI,995,75.28
Radelfingen,BE,1272,14.71
Rafz,ZH,4628,10.71
Rain,LU,2940,9.44
Ramlinsburg,BL,721,2.26
Ramsen,SH,1465,13.45
Rances,VD,513,9.88
Randa,VS,425,54.44
Raperswilen,TG,416,7.72
Rapperswil (BE),BE,2592,22.55
Rapperswil-Jona,SG,27483,22.15
Raron,VS,1949,30.27
Realp,UR,142,77.81
Rebévelier,BE,41,3.55
Rebstein,SG,4640,4.35
Recherswil,SO,2028,3.34
Rechthalten,FR,1106,7.29
Reconvilier,BE,2380,8.24
Regensberg,ZH,459,2.39
Regensdorf,ZH,18568,14.60
Rehetobel,AR,1726,6.71
Reichenbach im Kandertal,BE,3638,125.78
Reichenburg,SZ,3891,11.54
Reiden,LU,7255,27.00
Reigoldswil,BL,1585,9.18
Reinach (AG),AG,8874,9.55
Reinach (BL),BL,19159,6.93
Reisiswil,BE,173,1.97
Reitnau,AG,1519,7.98
Remaufens,FR,1212,5.90
Remetschwil,AG,2023,3.85
Remigen,AG,1326,7.89
Renan (BE),BE,934,12.64
Renens (VD),VD,20834,2.95
Rennaz,VD,892,2.18
Reute (AR),AR,690,4.95
Reutigen,BE,1023,11.28
Rhäzüns,GR,1611,13.28
Rheinau,ZH,1287,8.93
Rheineck,SG,3404,2.22
Rheinfelden,AG,13551,16.05
Rheinwald,GR,574,136.82
Riaz,FR,2815,7.78
Richterswil,ZH,13670,7.53
Rickenbach (BL),BL,608,2.92
Rickenbach (LU),LU,3458,11.78
Rickenbach (SO),SO,1055,2.76
Rickenbach (TG),TG,2826,1.59
Rickenbach (ZH),ZH,2796,6.05
Riddes,VS,3277,23.89
Ried bei Kerzers,FR,1229,7.54
Ried-Brig,VS,2141,47.61
Riederalp,VS,438,19.04
Riedholz,SO,2316,7.17
Riehen,BS,21705,10.89
Riemenstalden,SZ,86,11.21
Rifferswil,ZH,1148,6.58
Riggisberg,BE,3034,34.50
Ringgenberg (BE),BE,2588,8.74
Riniken,AG,1482,4.76
Risch,ZG,11212,14.82
Riva San Vitale,TI,2626,6.08
Rivaz,VD,337,0.31
Riviera,TI,4252,86.57
Roche (VD),VD,1867,6.42
Rochefort,NE,1291,25.79
Roches (BE),BE,190,9.03
Rodersdorf,SO,1375,5.32
Roggenburg,BL,269,6.68
Roggliswil,LU,723,6.22
Roggwil (BE),BE,4176,7.84
Roggwil (TG),TG,3257,11.93
Rohrbach,BE,1520,4.08
Rohrbachgraben,BE,390,6.46
Rolle,VD,6260,2.72
Romainmôtier-Envy,VD,526,6.99
Romanel-sur-Lausanne,VD,3240,2.92
Romanel-sur-Morges,VD,467,1.71
Romanshorn,TG,11327,8.69
Römerswil,LU,1810,16.68
Romont (BE),BE,202,6.94
Romont (FR),FR,5417,10.88
Romoos,LU,656,37.35
Ronco sopra Ascona,TI,550,4.99
Rongellen,GR,56,2.04
Root,LU,5335,8.65
Ropraz,VD,529,4.77
Rorbas,ZH,2885,4.50
Rorschach,SG,9646,1.77
Rorschacherberg,SG,7465,7.12
Röschenz,BL,1898,10.02
Rossa,GR,151,58.93
Rossemaison,JU,687,1.93
Rossenges,VD,84,1.06
Rossinière,VD,534,23.35
Röthenbach im Emmental,BE,1169,36.80
Rothenbrunnen,GR,304,3.10
Rothenburg,LU,7715,15.49
Rothenfluh,BL,783,10.91
Rothenthurm,SZ,2484,22.76
Rothrist,AG,9290,11.82
Rottenschwil,AG,911,4.46
Rougemont,VD,864,48.54
Roveredo (GR),GR,2597,38.77
Rovray,VD,202,3.23
Rubigen,BE,2892,6.94
Rüderswil,BE,2373,17.19
Rüdlingen,SH,803,5.53
Rudolfstetten-Friedlisberg,AG,4546,4.88
Rüdtligen-Alchenflüh,BE,2444,2.71
Rue,FR,1537,11.27
Rüeggisberg,BE,1765,35.75
Rüegsau,BE,3265,15.03
Rueyres,VD,266,1.99
Rüfenach,AG,863,4.18
Rumendingen,BE,81,2.48
Rumisberg,BE,491,5.13
Rümlang,ZH,8277,12.42
Rümlingen,BL,434,2.28
Rünenberg,BL,761,4.96
Rupperswil,AG,5618,6.16
Rüschegg,BE,1697,57.30
Rüschlikon,ZH,6113,2.93
Russikon,ZH,4410,14.27
Russin,GE,530,4.93
Ruswil,LU,7041,45.30
Rüthi (SG),SG,2445,9.32
Rüti (ZH),ZH,12494,10.09
Rüti bei Büren,BE,867,6.50
Rüti bei Lyssach,BE,172,1.33
Rütschelen,BE,564,4.01
Rüttenen,SO,1483,8.79
S-chanf,GR,697,138.02
Saanen,BE,6836,120.07
Saas-Almagell,VS,364,110.52
Saas-Balen,VS,351,30.29
Saas-Fee,VS,1559,40.33
Saas-Grund,VS,990,24.79
Sachseln,OW,5145,53.86
Safenwil,AG,4107,6.03
Safiental,GR,937,151.42
Safnern,BE,1951,5.64
Sagogn,GR,736,6.95
Saicourt,BE,645,13.80
Saignelégier,JU,2615,31.76
Saillon,VS,2818,13.68
Saint-Aubin (FR),FR,1886,7.91
Saint-Barthélemy (VD),VD,783,4.14
Saint-Blaise,NE,3258,8.87
Saint-Brais,JU,227,15.14
Saint-Cergue,VD,2674,24.26
Saint-George,VD,1073,12.32
Saint-Gingolph,VS,964,14.46
Saint-Imier,BE,5156,20.80
Saint-Léonard,VS,2460,3.88
Saint-Livres,VD,684,8.11
Saint-Martin (FR),FR,1026,9.76
Saint-Martin (VS),VS,842,36.94
Saint-Maurice,VS,4518,14.89
Saint-Oyens,VD,460,3.04
Saint-Prex,VD,5855,5.49
Saint-Saphorin (Lavaux),VD,389,0.89
Saint-Sulpice (VD),VD,4914,1.82
Sainte-Croix,VD,4933,39.36
Salenstein,TG,1411,6.49
Sâles,FR,1452,18.81
Salgesch,VS,1567,11.40
Salmsach,TG,1481,2.64
Salvan,VS,1442,53.40
Samedan,GR,2923,113.96
Samnaun,GR,784,56.15
San Vittore,GR,864,22.03
Sant'Antonino,TI,2542,6.56
Santa Maria in Calanca,GR,115,9.32
Sargans,SG,6213,9.46
Sarmenstorf,AG,2913,8.27
Sarnen,OW,10514,73.15
Satigny,GE,4286,18.91
Sattel,SZ,1925,17.35
Saubraz,VD,423,3.69
Sauge,BE,827,13.46
Saulcy,JU,255,7.92
Saules (BE),BE,147,4.26
Savièse,VS,7937,70.99
Savigny,VD,3349,16.10
Savosa,TI,2219,0.75
Saxeten,BE,92,19.42
Saxon,VS,6278,23.22
Schaffhausen,SH,36952,41.94
Schafisheim,AG,3044,6.34
Schangnau,BE,918,36.52
Schänis,SG,3923,39.88
Scharans,GR,796,14.29
Schattdorf,UR,5408,16.29
Schattenhalb,BE,552,31.55
Schelten,BE,39,5.54
Schenkon,LU,3040,6.77
Scheuren,BE,475,2.10
Schiers,GR,2727,61.72
Schinznach,AG,2319,12.23
Schlatt (TG),TG,1814,15.51
Schlatt (ZH),ZH,779,9.04
Schlatt-Haslen,AI,1126,17.89
Schleinikon,ZH,858,5.66
Schleitheim,SH,1668,21.53
Schlierbach,LU,925,7.22
Schlieren,ZH,19881,6.54
Schlossrued,AG,822,7.27
Schluein,GR,611,4.81
Schmerikon,SG,3971,4.09
Schmiedrued,AG,1160,8.60
Schmitten (FR),FR,4166,13.50
Schmitten (GR),GR,222,11.32
Schneisingen,AG,1491,8.30
Schnottwil,SO,1135,7.16
Schöfflisdorf,ZH,1394,3.95
Schöftland,AG,4468,6.21
Schönenbuch,BL,1433,1.33
Schönengrund,AR,528,5.20
Schönenwerd,SO,5057,3.74
Schongau,LU,1046,12.43
Schönholzerswilen,TG,839,10.96
Schötz,LU,4575,15.32
Schübelbach,SZ,9289,29.04
Schupfart,AG,803,7.03
Schüpfen,BE,3792,19.87
Schüpfheim,LU,4237,38.41
Schwaderloch,AG,689,2.79
Schwadernau,BE,692,4.09
Schwanden bei Brienz,BE,625,7.03
Schwarzenberg,LU,1738,39.26
Schwarzenburg,BE,6812,44.82
Schwarzhäusern,BE,533,3.77
Schwellbrunn,AR,1550,17.40
Schwende-Rüte,AI,6006,98.33
Schwerzenbach,ZH,5193,2.64
Schwyz,SZ,15435,53.09
Scuol,GR,4624,438.76
Seeberg,BE,1559,16.85
Seedorf (BE),BE,3134,20.88
Seedorf (UR),UR,2045,19.28
Seegräben,ZH,1427,3.78
Seehof,BE,56,8.41
Seelisberg,UR,688,13.18
Seengen,AG,4122,9.62
Seewen,SO,1022,16.39
Seewis im Prättigau,GR,1376,49.60
Seftigen,BE,2147,3.92
Seltisberg,BL,1307,3.54
Selzach,SO,3491,19.46
Sembrancher,VS,1050,17.72
Sempach,LU,4234,8.94
Semsales,FR,1426,29.39
Senarclens,VD,492,3.95
Sennwald,SG,5709,41.55
Seon,AG,5198,9.64
Sergey,VD,145,1.48
Serravalle,TI,2079,96.77
Servion,VD,2078,6.27
Seuzach,ZH,7420,7.60
Sévaz,FR,318,2.48
Sevelen,SG,5128,30.30
Siblingen,SH,874,9.37
Sierre,VS,16819,19.15
Siglistorf,AG,669,5.55
Signau,BE,2594,22.15
Signy-Avenex,VD,585,1.93
Sigriswil,BE,4847,55.34
Silenen,UR,1951,144.75
Sils im Domleschg,GR,971,9.30
Sils im Engadin/Segl,GR,715,63.55
Silvaplana,GR,1121,44.74
Simplon,VS,292,91.11
Sins,AG,4299,20.27
Sion,VS,34978,34.76
Sirnach,TG,7901,12.39
Siselen,BE,612,5.52
Sisikon,UR,383,16.44
Sissach,BL,6706,8.93
Sisseln,AG,1661,2.58
Siviriez,FR,2346,20.28
Soazza,GR,324,46.37
Solothurn,SO,16802,6.25
Sommeri,TG,630,4.21
Sonceboz-Sombeval,BE,1954,14.95
Sonvilier,BE,1223,23.80
Soral,GE,976,2.93
Sorengo,TI,1863,0.85
Sorens,FR,1105,8.73
Sorvilier,BE,283,6.89
Soubey,JU,131,13.50
Soyhières,JU,436,7.53
Speicher,AR,4434,8.20
Spiez,BE,12926,16.73
Spiringen,UR,842,64.76
Spreitenbach,AG,12126,8.62
St. Gallen,SG,76213,39.33
St. Margrethen,SG,5991,6.85
St. Moritz,GR,4945,28.69
St. Niklaus,VS,2224,89.30
St. Silvester,FR,952,7.02
St. Stephan,BE,1310,60.86
St. Ursen,FR,1365,15.68
Stabio,TI,4491,6.16
Stadel,ZH,2336,12.88
Stäfa,ZH,14791,8.61
Staffelbach,AG,1309,8.96
Stalden (VS),VS,1052,10.60
Staldenried,VS,537,14.23
Stallikon,ZH,3783,12.02
Stammheim,ZH,2859,23.93
Stans,NW,8171,11.08
Stansstad,NW,4727,9.10
Starrkirch-Wil,SO,1753,1.84
Staufen,AG,4068,3.53
Steckborn,TG,3840,8.77
Steffisburg,BE,15991,14.81
Steg-Hohtenn,VS,1620,14.03
Stein (AG),AG,3253,2.81
Stein (AR),AR,1388,9.33
Stein am Rhein,SH,3561,5.82
Steinach,SG,3549,4.50
Steinen,SZ,3624,11.83
Steinerberg,SZ,953,6.96
Steinhausen,ZG,10198,5.04
Steinmaur,ZH,3583,9.47
Stetten (AG),AG,2224,4.45
Stetten (SH),SH,1374,4.71
Stettfurt,TG,1216,6.31
Stettlen,BE,3162,3.49
Stocken-Höfen,BE,1041,14.24
Strengelbach,AG,4859,6.05
Studen (BE),BE,3372,2.76
Stüsslingen,SO,1221,8.39
Subingen,SO,3173,6.24
Suchy,VD,655,6.69
Sufers,GR,146,34.56
Suhr,AG,10724,10.61
Sulgen,TG,3957,9.06
Sullens,VD,1042,3.90
Sumiswald,BE,5044,59.38
Sumvitg,GR,1104,101.84
Surpierre,FR,1143,14.80
Sursee,LU,10361,5.85
Surses,GR,2377,323.75
Suscévaz,VD,204,4.15
Sutz-Lattrigen,BE,1399,3.56
Syens,VD,156,2.53
Tafers,FR,7643,41.35
Tägerig,AG,1470,3.28
Tägerwilen,TG,4921,11.57
Tamins,GR,1226,40.71
Tannay,VD,1641,1.78
Tartegnin,VD,238,1.09
Täsch,VS,1345,58.72
Täuffelen,BE,2971,4.34
Tavannes,BE,3485,14.80
Tecknau,BL,828,2.38
Tegerfelden,AG,1202,7.07
Tenero-Contra,TI,3201,3.70
Tenniken,BL,928,4.69
Tentlingen,FR,1348,3.66
Termen,VS,1021,18.65
Terre di Pedemonte,TI,2627,11.55
Teufen (AR),AR,6364,15.29
Teufenthal (AG),AG,1682,3.55
Teuffenthal (BE),BE,160,4.57
Tévenon,VD,894,14.31
Thal,SG,6722,9.64
Thalheim (AG),AG,820,9.89
Thalheim an der Thur,ZH,949,6.45
Thalwil,ZH,18278,5.51
Thayngen,SH,5608,19.96
Therwil,BL,9979,7.66
Thierachern,BE,2514,7.53
Thônex,GE,14573,3.84
Thörigen,BE,1156,4.56
Thun,BE,43476,21.56
Thundorf,TG,1513,15.60
Thunstetten,BE,3458,9.68
Thurnen,BE,2035,5.95
Thürnen,BL,1376,2.29
Thusis,GR,3322,16.77
Titterten,BL,419,3.68
Tobel-Tägerschen,TG,1589,7.11
Toffen,BE,2547,4.86
Tolochenaz,VD,1892,1.58
Törbel,VS,498,17.57
Torny,FR,988,10.23
Torricella-Taverne,TI,3072,5.29
Trachselwald,BE,954,15.99
Tramelan,BE,4607,24.79
Trasadingen,SH,613,4.12
Treiten,BE,429,4.71
Trélex,VD,1449,5.85
Tresa,TI,3158,11.04
Trey,VD,302,3.77
Treycovagnes,VD,485,2.07
Treytorrens (Payerne),VD,114,3.11
Treyvaux,FR,1466,11.38
Triengen,LU,4616,22.08
Trient,VS,163,39.60
Trimbach,SO,6562,7.64
Trimmis,GR,3322,42.88
Trin,GR,1479,47.24
Trogen,AR,1822,10.02
Troinex,GE,2551,3.45
Troistorrents,VS,4806,36.92
Trub,BE,1314,62.01
Trubschachen,BE,1465,15.69
Trüllikon,ZH,1055,9.56
Trun,GR,1161,51.88
Truttikon,ZH,449,4.40
Tschappina,GR,134,24.67
Tschiertschen-Praden,GR,300,27.80
Tschugg,BE,470,3.31
Tübach,SG,1494,1.98
Tuggen,SZ,3317,13.54
Tujetsch,GR,1183,133.92
Turbenthal,ZH,4983,25.26
Turgi,AG,2963,1.52
Turtmann-Unterems,VS,1094,42.48
Twann-Tüscherz,BE,1171,12.31
Udligenswil,LU,2371,6.24
Ueberstorf,FR,2382,16.12
Uebeschi,BE,718,4.42
Ueken,AG,909,5.11
Uerkheim,AG,1342,7.11
Uesslingen-Buch,TG,1096,14.01
Uetendorf,BE,5830,10.17
Uetikon am See,ZH,6225,3.51
Uezwil,AG,504,2.47
Ufhusen,LU,927,12.19
Uitikon,ZH,4809,4.39
Ulmiz,FR,432,2.87
Unterägeri,ZG,8972,25.65
Unterbäch,VS,444,22.13
Untereggen,SG,1034,7.07
Unterengstringen,ZH,3984,3.36
Unterentfelden,AG,4382,2.88
Unteriberg,SZ,2414,46.49
Unterkulm,AG,3343,8.90
Unterlangenegg,BE,1018,6.82
Unterlunkhofen,AG,1499,4.48
Unterramsern,SO,219,1.54
Unterschächen,UR,695,80.22
Unterseen,BE,5760,13.97
Untersiggenthal,AG,7229,8.27
Untervaz,GR,2527,27.69
Urdorf,ZH,10019,7.58
Urmein,GR,150,4.34
Urnäsch,AR,2263,48.13
Ursenbach,BE,881,9.16
Ursins,VD,239,3.38
Ursy,FR,3299,14.84
Urtenen-Schönbühl,BE,6367,7.16
Uster,ZH,35337,28.49
Uttigen,BE,2153,3.78
Uttwil,TG,1923,4.37
Utzenstorf,BE,4430,17.00
Uznach,SG,6519,7.57
Uzwil,SG,13284,14.50
Vacallo,TI,3363,1.64
Val de Bagnes,VS,10329,301.91
Val Mara,TI,2982,11.15
Val Müstair,GR,1423,198.60
Val Terbi,JU,3190,46.73
Val-d'Illiez,VS,2074,39.25
Val-de-Charmey,FR,2548,112.09
Val-de-Ruz,NE,17143,124.38
Val-de-Travers,NE,10579,124.61
Valbirse,BE,3971,18.73
Valbroye,VD,3365,33.52
Valeyres-sous-Montagny,VD,713,2.25
Valeyres-sous-Rances,VD,610,6.36
Valeyres-sous-Ursins,VD,241,2.85
Vallon,FR,464,3.50
Vallorbe,VD,3863,23.16
Vals,GR,946,175.50
Valsot,GR,826,159.10
Vandoeuvres,GE,2754,4.43
Varen,VS,682,12.77
Vaulion,VD,505,13.18
Vaulruz,FR,1085,10.05
Vaux-sur-Morges,VD,194,2.10
Vaz/Obervaz,GR,2802,42.50
Vechigen,BE,5512,24.87
Veltheim (AG),AG,1526,5.20
Vendlincourt,JU,560,9.15
Vernate,TI,599,1.52
Vernayaz,VS,1847,5.64
Vernier,GE,34898,7.68
Vérossaz,VS,774,14.35
Versoix,GE,13281,10.52
Verzasca,TI,799,216.84
Vétroz,VS,6397,10.43
Vevey,VD,19752,2.37
Vex,VS,1792,13.07
Veyrier,GE,11861,6.52
Veysonnaz,VS,588,1.17
Veytaux,VD,952,6.78
Vezia,TI,1879,1.38
Vich,VD,1155,1.52
Vico Morcote,TI,422,1.95
Villars-Epeney,VD,100,0.86
Villars-le-Comte,VD,120,4.18
Villars-le-Terroir,VD,1280,7.14
Villars-Sainte-Croix,VD,960,1.65
Villars-sous-Yens,VD,612,3.07
Villars-sur-Glâne,FR,12219,5.45
Villarsel-sur-Marly,FR,75,1.41
Villarzel,VD,477,7.69
Villaz,FR,2310,15.43
Villeneuve (VD),VD,5834,32.02
Villeret,BE,941,16.26
Villigen,AG,2120,11.21
Villmergen,AG,7668,11.98
Villnachern,AG,1654,5.68
Villorsonnens,FR,1483,15.51
Vilters-Wangs,SG,4886,32.72
Vinelz,BE,878,4.60
Vinzel,VD,385,1.09
Vionnaz,VS,2753,20.95
Visp,VS,8060,13.19
Visperterminen,VS,1328,51.60
Vitznau,LU,1426,8.93
Volken,ZH,383,3.28
Volketswil,ZH,18865,14.01
Vordemwald,AG,1992,10.12
Vorderthal,SZ,1014,27.95
Vouvry,VS,4243,33.47
Vuadens,FR,2472,10.44
Vuarrens,VD,1060,8.95
Vucherens,VD,618,3.27
Vufflens-la-Ville,VD,1351,5.40
Vufflens-le-Château,VD,872,2.15
Vugelles-La Mothe,VD,138,3.09
Vuisternens-devant-Romont,FR,2338,24.03
Vuiteboeuf,VD,588,5.09
Vulliens,VD,625,6.68
Vullierens,VD,542,6.82
Vully-les-Lacs,VD,3348,20.90
Wachseldorn,BE,229,3.54
Wädenswil,ZH,24832,35.64
Wagenhausen,TG,1770,11.82
Wahlen,BL,1500,5.42
Walchwil,ZG,3820,13.50
Wald (AR),AR,882,6.84
Wald (BE),BE,1160,13.30
Wald (ZH),ZH,10200,25.28
Waldenburg,BL,1133,8.27
Wäldi,TG,1055,12.19
Waldkirch,SG,3559,31.35
Waldstatt,AR,1803,6.69
Walenstadt,SG,5728,45.68
Walkringen,BE,1755,17.20
Wallbach,AG,1999,4.48
Wallisellen,ZH,17218,6.45
Walliswil bei Niederbipp,BE,227,1.47
Walliswil bei Wangen,BE,604,3.07
Walperswil,BE,1039,7.00
Waltenschwil,AG,3053,4.55
Walterswil (BE),BE,540,7.93
Walterswil (SO),SO,743,4.49
Walzenhausen,AR,2031,7.03
Wangen (SZ),SZ,5344,8.43
Wangen an der Aare,BE,2377,5.23
Wangen bei Olten,SO,5239,6.97
Wangen-Brüttisellen,ZH,8000,7.90
Wangenried,BE,407,2.89
Wängi,TG,4766,16.45
Wartau,SG,5296,41.75
Warth-Weiningen,TG,1365,8.22
Wassen,UR,412,96.91
Wasterkingen,ZH,568,3.94
Wattenwil,BE,3060,14.46
Wattwil,SG,8837,51.18
Wauwil,LU,2380,2.94
Weesen,SG,1753,5.42
Wegenstetten,AG,1040,7.06
Weggis,LU,4440,11.79
Weiach,ZH,1990,9.59
Weinfelden,TG,11629,15.50
Weiningen (ZH),ZH,4869,5.41
Weisslingen,ZH,3365,12.77
Welschenrohr-Gänsbrunnen,SO,1171,24.46
Wengi,BE,630,7.06
Wenslingen,BL,696,5.88
Werthenstein,LU,2125,15.74
Wettingen,AG,21099,10.64
Wettswil am Albis,ZH,5281,3.75
Wetzikon (ZH),ZH,25056,16.73
Wichtrach,BE,4377,11.61
Widen,AG,3845,2.60
Widnau,SG,9932,4.22
Wiedlisbach,BE,2382,7.50
Wiesendangen,ZH,6633,19.13
Wiggiswil,BE,103,1.46
Wigoltingen,TG,2558,17.18
Wikon,LU,1495,8.29
Wil (SG),SG,24132,20.82
Wil (ZH),ZH,1488,8.97
Wila,ZH,1998,9.23
Wilchingen,SH,1727,21.15
Wildberg,ZH,1009,10.51
Wilderswil,BE,2638,13.16
Wildhaus-Alt St. Johann,SG,2624,87.48
Wilen (TG),TG,2523,2.25
Wiler (Lötschen),VS,565,14.88
Wiler bei Utzenstorf,BE,995,3.78
Wileroltigen,BE,361,4.13
Wiliberg,AG,167,1.20
Willadingen,BE,199,2.20
Willisau,LU,8910,47.22
Wimmis,BE,2609,22.34
Windisch,AG,7733,4.91
Winkel,ZH,4648,8.09
Wintersingen,BL,638,6.98
Winterthur,ZH,114220,68.12
Winznau,SO,1968,3.97
Wisen (SO),SO,442,4.81
Wittenbach,SG,9747,12.20
Witterswil,SO,1450,2.64
Wittinsburg,BL,430,3.19
Wittnau,AG,1365,11.24
Wohlen,AG,16881,12.45
Wohlen bei Bern,BE,9240,36.25
Wohlenschwil,AG,1677,4.42
Wolfenschiessen,NW,2115,92.64
Wolfhalden,AR,1846,6.97
Wölflinswil,AG,1033,9.51
Wolfwil,SO,2363,6.88
Wolhusen,LU,4315,14.26
Wollerau,SZ,7385,6.37
Worb,BE,11621,21.06
Worben,BE,2404,2.70
Wünnewil-Flamatt,FR,5559,13.26
Wuppenau,TG,1135,12.07
Würenlingen,AG,4838,9.39
Würenlos,AG,6511,9.00
Wynau,BE,1624,5.12
Wynigen,BE,2077,28.29
Wyssachen,BE,1103,11.73
Yens,VD,1479,9.53
Yverdon-les-Bains,VD,29955,13.52
Yvonand,VD,3470,13.30
Yvorne,VD,1070,12.18
Zäziwil,BE,1601,5.42
Zeglingen,BL,494,7.91
Zeihen,AG,1170,6.89
Zeiningen,AG,2400,11.35
Zell (LU),LU,2108,13.89
Zell (ZH),ZH,6430,12.98
Zeneggen,VS,295,7.56
Zermatt,VS,5820,242.93
Zernez,GR,1506,344.02
Zetzwil,AG,1363,5.77
Ziefen,BL,1637,7.82
Zielebach,BE,330,1.91
Zihlschlacht-Sitterdorf,TG,2483,12.17
Zillis-Reischen,GR,389,24.46
Zizers,GR,3520,10.96
Zofingen,AG,12104,11.07
Zollikofen,BE,10640,5.42
Zollikon,ZH,13311,7.85
Zuchwil,SO,9058,4.66
Zufikon,AG,4548,4.81
Zug,ZG,30934,21.72
Zullwil,SO,657,3.65
Zumikon,ZH,5587,5.47
Zunzgen,BL,2616,6.86
Zuoz,GR,1199,65.63
Zürich,ZH,421878,87.91
Zurzach,AG,8476,25.99
Zuzgen,AG,881,8.35
Zuzwil (BE),BE,563,3.46
Zuzwil (SG),SG,4786,8.97
Zweisimmen,BE,3032,73.14
Zwieselberg,BE,322,2.43
Zwingen,BL,2514,4.60
Zwischbergen,VS,71,85.94
