PLZ,Ort,Kanton
1000,Lausanne,Waadt
1003,Lausanne,Waadt
1004,Lausanne,Waadt
1005,Lausanne,Waadt
1006,Lausanne,Waadt
1007,Lausanne,Waadt
1008,Jouxtens-Mézery,Waadt
1008,Prilly,Waadt
1009,Pully,Waadt
1010,Lausanne,Waadt
1011,Lausanne,Waadt
1012,Lausanne,Waadt
1015,Lausanne,Waadt
1018,Lausanne,Waadt
1020,Renens VD,Waadt
1022,Chavannes-près-Renens,Waadt
1023,Crissier,Waadt
1024,Ecublens VD,Waadt
1025,St-Sulpice VD,Waadt
1026,Denges,Waadt
1026,Echandens,Waadt
1027,Lonay,Waadt
1028,Préverenges,Waadt
1029,Villars-Ste-Croix,Waadt
1030,Bussigny-près-Lausanne,Waadt
1031,Mex VD,Waadt
1032,Romanel-sur-Lausanne,Waadt
1033,Cheseaux-sur-Lausanne,Waadt
1034,Boussens,Waadt
1035,Bournens,Waadt
1036,Sullens,Waadt
1037,Etagnières,Waadt
1038,Bercher,Waadt
1040,St-Barthélemy VD,Waadt
1040,Villars-le-Terroir,Waadt
1040,Echallens,Waadt
1041,Dommartin,Waadt
1041,Poliez-Pittet,Waadt
1041,Bottens,Waadt
1041,Naz,Waadt
1041,Montaubion-Chardonney,Waadt
1041,Poliez-le-Grand,Waadt
1042,Bettens,Waadt
1042,Bioley-Orjulaz,Waadt
1042,Assens,Waadt
1043,Sugnens,Waadt
1044,Fey,Waadt
1045,Ogens,Waadt
1046,Rueyres,Waadt
1047,Oppens,Waadt
1052,Le Mont-sur-Lausanne,Waadt
1053,Bretigny-sur-Morrens,Waadt
1053,Cugy VD,Waadt
1054,Morrens VD,Waadt
1055,Froideville,Waadt
1058,Villars-Tiercelin,Waadt
1059,Peney-le-Jorat,Waadt
1061,Villars-Mendraz,Waadt
1062,Sottens,Waadt
1063,Peyres-Possens,Waadt
1063,Boulens,Waadt
1063,Chapelle-sur-Moudon,Waadt
1063,Martherenges,Waadt
1066,Epalinges,Waadt
1068,Les Monts-de-Pully,Waadt
1070,Puidoux,Waadt
1071,Rivaz,Waadt
1071,St-Saphorin (Lavaux),Waadt
1071,Chexbres,Waadt
1072,Forel (Lavaux),Waadt
1073,Mollie-Margot,Waadt
1073,Savigny,Waadt
1076,Ferlens VD,Waadt
1077,Servion,Waadt
1078,Essertes,Waadt
1080,Les Cullayes,Waadt
1081,Montpreveyres,Waadt
1082,Corcelles-le-Jorat,Waadt
1083,Mézières VD,Waadt
1084,Carrouge VD,Waadt
1085,Vulliens,Waadt
1088,Ropraz,Waadt
1090,La Croix (Lutry),Waadt
1091,Aran,Waadt
1091,Chenaux,Waadt
1091,Grandvaux,Waadt
1092,Belmont-sur-Lausanne,Waadt
1093,La Conversion,Waadt
1094,Paudex,Waadt
1095,Lutry,Waadt
1096,Villette (Lavaux),Waadt
1096,Cully,Waadt
1097,Riex,Waadt
1098,Epesses,Waadt
1110,Morges,Waadt
1112,Echichens,Waadt
1113,St-Saphorin-sur-Morges,Waadt
1114,Colombier VD,Waadt
1115,Vullierens,Waadt
1116,Cottens VD,Waadt
1117,Grancy,Waadt
1121,Bremblens,Waadt
1122,Romanel-sur-Morges,Waadt
1123,Aclens,Waadt
1124,Gollion,Waadt
1125,Monnaz,Waadt
1126,Vaux-sur-Morges,Waadt
1127,Clarmont,Waadt
1128,Reverolle,Waadt
1131,Tolochenaz,Waadt
1132,Lully VD,Waadt
1134,Vufflens-le-Château,Waadt
1134,Chigny,Waadt
1135,Denens,Waadt
1136,Bussy-Chardonney,Waadt
1141,Sévery,Waadt
1142,Pampigny,Waadt
1143,Apples,Waadt
1144,Ballens,Waadt
1145,Bière,Waadt
1146,Mollens VD,Waadt
1147,Montricher,Waadt
1148,Cuarnens,Waadt
1148,Moiry VD,Waadt
1148,La Praz,Waadt
1148,Mont-la-Ville,Waadt
1148,Chavannes-le-Veyron,Waadt
1148,Mauraz,Waadt
1148,Villars-Bozon,Waadt
1148,La Coudre,Waadt
1148,L'Isle,Waadt
1149,Berolle,Waadt
1162,St-Prex,Waadt
1163,Etoy,Waadt
1164,Buchillon,Waadt
1165,Allaman,Waadt
1166,Perroy,Waadt
1167,Lussy-sur-Morges,Waadt
1168,Villars-sous-Yens,Waadt
1169,Yens,Waadt
1170,Aubonne,Waadt
1172,Bougy-Villars,Waadt
1173,Féchy,Waadt
1174,Montherod,Waadt
1174,Pizy,Waadt
1175,Lavigny,Waadt
1176,St-Livres,Waadt
1180,Tartegnin,Waadt
1180,Rolle,Waadt
1182,Gilly,Waadt
1183,Bursins,Waadt
1184,Vinzel,Waadt
1184,Luins,Waadt
1185,Mont-sur-Rolle,Waadt
1186,Essertines-sur-Rolle,Waadt
1187,St-Oyens,Waadt
1188,Gimel,Waadt
1188,St-George,Waadt
1189,Saubraz,Waadt
1195,Dully,Waadt
1195,Bursinel,Waadt
1196,Gland,Waadt
1197,Prangins,Waadt
1200,Genève,Genf
1201,Genève,Genf
1202,Genève,Genf
1203,Genève,Genf
1204,Genève,Genf
1205,Genève,Genf
1206,Genève,Genf
1207,Genève,Genf
1208,Genève,Genf
1209,Genève,Genf
1212,Grand-Lancy,Genf
1213,Petit-Lancy,Genf
1213,Onex,Genf
1214,Vernier,Genf
1215,Genève 15 Aéroport,Genf
1216,Cointrin,Genf
1217,Meyrin,Genf
1218,Le Grand-Saconnex,Genf
1219,Le Lignon,Genf
1219,Aïre,Genf
1219,Châtelaine,Genf
1220,Les Avanchets,Genf
1222,Vésenaz,Genf
1223,Cologny,Genf
1224,Chêne-Bougeries,Genf
1225,Chêne-Bourg,Genf
1226,Thônex,Genf
1227,Les Acacias,Genf
1227,Carouge GE,Genf
1228,Plan-les-Ouates,Genf
1231,Conches,Genf
1232,Confignon,Genf
1233,Bernex,Genf
1234,Vessy,Genf
1236,Cartigny,Genf
1237,Avully,Genf
1239,Collex,Genf
1241,Puplinge,Genf
1242,Satigny,Genf
1243,Presinge,Genf
1244,Choulex,Genf
1245,Collonge-Bellerive,Genf
1246,Corsier GE,Genf
1247,Anières,Genf
1248,Hermance,Genf
1251,Gy,Genf
1252,Meinier,Genf
1253,Vandoeuvres,Genf
1254,Jussy,Genf
1255,Veyrier,Genf
1256,Troinex,Genf
1257,La Croix-de-Rozon,Genf
1258,Perly,Genf
1260,Nyon,Waadt
1261,Longirod,Waadt
1261,Marchissy,Waadt
1261,Le Vaud,Waadt
1262,Eysins,Waadt
1263,Crassier,Waadt
1264,St-Cergue,Waadt
1265,La Cure,Waadt
1266,Duillier,Waadt
1267,Vich,Waadt
1267,Coinsins,Waadt
1268,Burtigny,Waadt
1268,Begnins,Waadt
1269,Bassins,Waadt
1270,Trélex,Waadt
1271,Givrins,Waadt
1272,Genolier,Waadt
1273,Le Muids,Waadt
1273,Arzier,Waadt
1274,Grens,Waadt
1274,Signy,Waadt
1275,Chéserex,Waadt
1276,Gingins,Waadt
1277,Arnex-sur-Nyon,Waadt
1277,Borex,Waadt
1278,La Rippe,Waadt
1279,Bogis-Bossey,Waadt
1279,Chavannes-de-Bogis,Waadt
1281,Russin,Genf
1283,Dardagny,Genf
1283,La Plaine,Genf
1284,Chancy,Genf
1285,Athenaz (Avusy),Genf
1286,Soral,Genf
1287,Laconnex,Genf
1288,Aire-la-Ville,Genf
1290,Versoix,Genf
1290,Chavannes-des-Bois,Waadt
1291,Commugny,Waadt
1292,Chambésy,Genf
1293,Bellevue,Genf
1294,Genthod,Genf
1295,Mies,Waadt
1295,Tannay,Waadt
1296,Coppet,Waadt
1297,Founex,Waadt
1298,Céligny,Genf
1299,Crans-près-Céligny,Waadt
1302,Vufflens-la-Ville,Waadt
1303,Penthaz,Waadt
1304,Senarclens,Waadt
1304,Dizy,Waadt
1304,Allens,Waadt
1304,Cossonay-Ville,Waadt
1305,Penthalaz,Waadt
1306,Daillens,Waadt
1307,Lussery-Villars,Waadt
1308,La Chaux (Cossonay),Waadt
1312,Eclépens,Waadt
1313,Ferreyres,Waadt
1315,La Sarraz,Waadt
1316,Chevilly,Waadt
1317,Orny,Waadt
1318,Pompaples,Waadt
1321,Arnex-sur-Orbe,Waadt
1322,Croy,Waadt
1323,Romainmôtier,Waadt
1324,Premier,Waadt
1325,Vaulion,Waadt
1326,Juriens,Waadt
1329,Bretonnières,Waadt
1337,Vallorbe,Waadt
1338,Ballaigues,Waadt
1341,Orient,Waadt
1342,Le Pont,Waadt
1343,Les Charbonnières,Waadt
1344,L'Abbaye,Waadt
1345,Le Lieu,Waadt
1346,Les Bioux,Waadt
1347,Le Solliat,Waadt
1347,Le Sentier,Waadt
1348,Le Brassus,Waadt
1350,Orbe,Waadt
1352,Agiez,Waadt
1353,Bofflens,Waadt
1354,Montcherand,Waadt
1355,Sergey,Waadt
1355,L'Abergement,Waadt
1356,Les Clées,Waadt
1356,La Russille,Waadt
1357,Lignerolle,Waadt
1358,Valeyres-sous-Rances,Waadt
1372,Bavois,Waadt
1373,Chavornay,Waadt
1374,Corcelles-sur-Chavornay,Waadt
1375,Penthéréaz,Waadt
1376,Eclagnens,Waadt
1376,Goumoens-le-Jux,Waadt
1376,Goumoens-la-Ville,Waadt
1377,Oulens-sous-Echallens,Waadt
1400,Yverdon-les-Bains,Waadt
1400,Cheseaux-Noréaz,Waadt
1404,Cuarny,Waadt
1404,Villars-Epeney,Waadt
1405,Pomy,Waadt
1406,Cronay,Waadt
1407,Bioley-Magnoux,Waadt
1407,Gossens,Waadt
1407,Mézery-près-Donneloye,Waadt
1407,Donneloye,Waadt
1408,Prahins,Waadt
1409,Chanéaz,Waadt
1410,Prévondavaux,Freiburg
1410,St-Cierges,Waadt
1410,Denezy,Waadt
1410,Correvon,Waadt
1410,Thierrens,Waadt
1412,Valeyres-sous-Ursins,Waadt
1412,Ursins,Waadt
1413,Orzens,Waadt
1415,Molondin,Waadt
1415,Démoret,Waadt
1416,Pailly,Waadt
1417,Epautheyres,Waadt
1417,Essertines-sur-Yverdon,Waadt
1418,Vuarrens,Waadt
1420,Fiez,Waadt
1421,Fontaines-sur-Grandson,Waadt
1421,Grandevent,Waadt
1422,Grandson,Waadt
1423,Fontanezier,Waadt
1423,Romairon,Waadt
1423,Vaugondry,Waadt
1423,Villars-Burquin,Waadt
1424,Champagne,Waadt
1425,Onnens VD,Waadt
1426,Corcelles-près-Concise,Waadt
1426,Concise,Waadt
1427,Bonvillars,Waadt
1428,Mutrux,Waadt
1428,Provence,Waadt
1429,Giez,Waadt
1430,Orges,Waadt
1431,Vugelles-La Mothe,Waadt
1431,Novalles,Waadt
1432,Belmont-sur-Yverdon,Waadt
1432,Gressy,Waadt
1433,Suchy,Waadt
1434,Ependes VD,Waadt
1435,Essert-Pittet,Waadt
1436,Treycovagnes,Waadt
1436,Chamblon,Waadt
1437,Suscévaz,Waadt
1438,Mathod,Waadt
1439,Rances,Waadt
1441,Valeyres-sous-Montagny,Waadt
1442,Montagny-près-Yverdon,Waadt
1443,Champvent,Waadt
1443,Essert-sous-Champvent,Waadt
1443,Villars-sous-Champvent,Waadt
1445,Vuiteboeuf,Waadt
1446,Baulmes,Waadt
1450,La Sagne (Ste-Croix),Waadt
1450,Le Château-de-Ste-Croix,Waadt
1450,Ste-Croix,Waadt
1452,Les Rasses,Waadt
1453,Mauborget,Waadt
1453,Bullet,Waadt
1454,La Vraconnaz,Waadt
1454,L'Auberson,Waadt
1462,Yvonand,Waadt
1463,Rovray,Waadt
1464,Chêne-Pâquier,Waadt
1464,Chavannes-le-Chêne,Waadt
1468,Cheyres,Freiburg
1470,Bollion,Freiburg
1470,Lully FR,Freiburg
1470,Seiry,Freiburg
1470,Estavayer-le-Lac,Freiburg
1473,Font,Freiburg
1473,Châtillon FR,Freiburg
1474,Châbles FR,Freiburg
1475,Autavaux,Freiburg
1475,Forel FR,Freiburg
1475,Montbrelloz,Freiburg
1482,Cugy FR,Freiburg
1483,Frasses,Freiburg
1483,Vesin,Freiburg
1483,Montet (Broye),Freiburg
1484,Aumont,Freiburg
1484,Granges-de-Vesin,Freiburg
1485,Nuvilly,Freiburg
1486,Vuissens,Freiburg
1489,Murist,Freiburg
1509,Vucherens,Waadt
1510,Syens,Waadt
1510,Moudon,Waadt
1512,Chavannes-sur-Moudon,Waadt
1513,Hermenches,Waadt
1513,Rossenges,Waadt
1514,Bussy-sur-Moudon,Waadt
1515,Neyruz-sur-Moudon,Waadt
1515,Villars-le-Comte,Waadt
1521,Curtilles,Waadt
1522,Oulens-sur-Lucens,Waadt
1522,Lucens,Waadt
1523,Granges-près-Marnand,Waadt
1524,Marnand,Waadt
1525,Seigneux,Waadt
1525,Henniez,Waadt
1526,Forel-sur-Lucens,Waadt
1526,Cremin,Waadt
1527,Villeneuve FR,Freiburg
1528,Praratoud,Freiburg
1528,Surpierre,Freiburg
1529,Cheiry,Freiburg
1530,Payerne,Waadt
1532,Fétigny,Freiburg
1533,Ménières,Freiburg
1534,Chapelle (Broye),Freiburg
1534,Sassel,Waadt
1535,Combremont-le-Grand,Waadt
1536,Combremont-le-Petit,Waadt
1537,Champtauroz,Waadt
1538,Treytorrens (Payerne),Waadt
1541,Morens FR,Freiburg
1541,Sévaz,Freiburg
1541,Bussy FR,Freiburg
1542,Rueyres-les-Prés,Freiburg
1543,Grandcour,Waadt
1544,Gletterens,Freiburg
1545,Chevroux,Waadt
1551,Vers-chez-Perrin,Waadt
1552,Trey,Waadt
1553,Châtonnaye,Freiburg
1554,Sédeilles,Waadt
1554,Rossens VD,Waadt
1555,Villarzel,Waadt
1562,Corcelles-près-Payerne,Waadt
1563,Dompierre FR,Freiburg
1564,Domdidier,Freiburg
1565,Vallon,Freiburg
1565,Missy,Waadt
1566,Les Friques,Freiburg
1566,St-Aubin FR,Freiburg
1567,Delley,Freiburg
1568,Portalban,Freiburg
1580,Oleyres,Waadt
1580,Avenches,Waadt
1582,Donatyre,Waadt
1583,Villarepos,Freiburg
1584,Villars-le-Grand,Waadt
1585,Bellerive VD,Waadt
1585,Cotterd,Waadt
1585,Salavaux,Waadt
1586,Vallamand,Waadt
1587,Montmagny,Waadt
1587,Constantine,Waadt
1588,Cudrefin,Waadt
1589,Chabrey,Waadt
1595,Clavaleyres,Bern
1595,Faoug,Waadt
1607,Les Tavernes,Waadt
1607,Les Thioleyres,Waadt
1607,Palézieux-Village,Waadt
1607,Palézieux,Waadt
1608,Chapelle (Glâne),Freiburg
1608,Bussigny-sur-Oron,Waadt
1608,Chesalles-sur-Oron,Waadt
1608,Oron-le-Châtel,Waadt
1609,Besencens,Freiburg
1609,Fiaugères,Freiburg
1609,Le Jordil,Freiburg
1609,St-Martin FR,Freiburg
1610,Châtillens,Waadt
1610,Vuibroye,Waadt
1610,Oron-la-Ville,Waadt
1611,Le Crêt-près-Semsales,Freiburg
1612,Ecoteaux,Waadt
1613,Maracon,Waadt
1614,Granges (Veveyse),Freiburg
1615,Bossonnens,Freiburg
1616,Attalens,Freiburg
1617,Tatroz,Freiburg
1617,Remaufens,Freiburg
1618,Châtel-St-Denis,Freiburg
1619,Les Paccots,Freiburg
1623,Semsales,Freiburg
1624,La Verrerie,Freiburg
1624,Grattavache,Freiburg
1624,Progens,Freiburg
1625,Maules,Freiburg
1625,Sâles (Gruyère),Freiburg
1626,Romanens,Freiburg
1626,Treyfayes,Freiburg
1626,Rueyres-Treyfayes,Freiburg
1627,Vaulruz,Freiburg
1628,Vuadens,Freiburg
1630,Bulle,Freiburg
1632,Riaz,Freiburg
1633,Vuippens,Freiburg
1633,Marsens,Freiburg
1634,La Roche FR,Freiburg
1635,La Tour-de-Trême,Freiburg
1636,Broc,Freiburg
1637,Charmey (Gruyère),Freiburg
1638,Morlon,Freiburg
1642,Sorens,Freiburg
1643,Gumefens,Freiburg
1644,Avry-devant-Pont,Freiburg
1645,Le Bry,Freiburg
1646,Echarlens,Freiburg
1647,Corbières,Freiburg
1648,Hauteville,Freiburg
1649,Pont-la-Ville,Freiburg
1651,Villarvolard,Freiburg
1652,Botterens,Freiburg
1652,Villarbeney,Freiburg
1653,Châtel-sur-Montsalvens,Freiburg
1653,Crésuz,Freiburg
1654,Cerniat FR,Freiburg
1656,Im Fang,Freiburg
1656,Jaun,Freiburg
1657,Abländschen,Bern
1658,La Tine,Waadt
1658,Rossinière,Waadt
1659,Flendruz,Waadt
1659,Rougemont,Waadt
1660,Les Moulins,Waadt
1660,L'Etivaz,Waadt
1660,Château-d'Oex,Waadt
1660,La Lécherette,Waadt
1661,Le Pâquier-Montbarry,Freiburg
1663,Moléson-sur-Gruyères,Freiburg
1663,Pringy,Freiburg
1663,Gruyères,Freiburg
1663,Epagny,Freiburg
1665,Estavannens,Freiburg
1666,Villars-sous-Mont,Freiburg
1666,Grandvillard,Freiburg
1667,Enney,Freiburg
1669,Neirivue,Freiburg
1669,Les Sciernes-d'Albeuve,Freiburg
1669,Montbovon,Freiburg
1669,Lessoc,Freiburg
1669,Albeuve,Freiburg
1670,Bionnens,Freiburg
1670,Esmonts,Freiburg
1670,Ursy,Freiburg
1673,Auboranges,Freiburg
1673,Ecublens FR,Freiburg
1673,Rue,Freiburg
1673,Gillarens,Freiburg
1673,Promasens,Freiburg
1674,Vuarmarens,Freiburg
1674,Montet (Glâne),Freiburg
1674,Morlens,Freiburg
1675,Vauderens,Freiburg
1675,Blessens,Freiburg
1675,Mossel,Freiburg
1676,Chavannes-les-Forts,Freiburg
1677,Prez-vers-Siviriez,Freiburg
1678,Siviriez,Freiburg
1679,Villaraboud,Freiburg
1680,Berlens,Freiburg
1680,Romont FR,Freiburg
1681,Billens,Freiburg
1681,Hennens,Freiburg
1682,Villars-Bramard,Waadt
1682,Dompierre VD,Waadt
1682,Lovatens,Waadt
1682,Cerniaz VD,Waadt
1682,Prévonloup,Waadt
1683,Brenles,Waadt
1683,Chesalles-sur-Moudon,Waadt
1683,Sarzens,Waadt
1684,Mézières FR,Freiburg
1685,Villariaz,Freiburg
1686,Grangettes-près-Romont,Freiburg
1686,La Neirigue,Freiburg
1687,Estévenens,Freiburg
1687,La Magne,Freiburg
1687,Vuisternens-devant-Romont,Freiburg
1688,Sommentier,Freiburg
1688,Lieffrens,Freiburg
1689,Le Châtelard-près-Romont,Freiburg
1690,Lussy FR,Freiburg
1690,Villaz-St-Pierre,Freiburg
1691,Villarimboud,Freiburg
1692,Massonnens,Freiburg
1694,Orsonnens,Freiburg
1694,Chavannes-sous-Orsonnens,Freiburg
1694,Villargiroud,Freiburg
1694,Villarsiviriaux,Freiburg
1695,Villarlod,Freiburg
1695,Estavayer-le-Gibloux,Freiburg
1695,Rueyres-St-Laurent,Freiburg
1695,Villarsel-le-Gibloux,Freiburg
1696,Vuisternens-en-Ogoz,Freiburg
1697,La Joux FR,Freiburg
1697,Les Ecasseys,Freiburg
1699,Bouloz,Freiburg
1699,Pont (Veveyse),Freiburg
1699,Porsel,Freiburg
1700,Fribourg,Freiburg
1708,Fribourg,Freiburg
1712,Tafers,Freiburg
1713,St. Antoni,Freiburg
1714,Heitenried,Freiburg
1715,Alterswil FR,Freiburg
1716,Oberschrot,Freiburg
1716,Schwarzsee,Freiburg
1716,Plaffeien,Freiburg
1717,St. Ursen,Freiburg
1718,Rechthalten,Freiburg
1719,Zumholz,Freiburg
1719,Brünisried,Freiburg
1720,Chésopelloz,Freiburg
1720,Corminboeuf,Freiburg
1721,Cormérod,Freiburg
1721,Courtion,Freiburg
1721,Misery,Freiburg
1722,Bourguillon,Freiburg
1723,Marly,Freiburg
1723,Pierrafortscha,Freiburg
1723,Villarsel-sur-Marly,Freiburg
1724,Bonnefontaine,Freiburg
1724,Essert FR,Freiburg
1724,Ferpicloz,Freiburg
1724,Montévraz,Freiburg
1724,Oberried FR,Freiburg
1724,Senèdes,Freiburg
1724,Zénauva,Freiburg
1724,Le Mouret,Freiburg
1725,Posieux,Freiburg
1726,Farvagny-le-Petit,Freiburg
1726,Grenilles,Freiburg
1726,Posat,Freiburg
1726,Farvagny,Freiburg
1727,Magnedens,Freiburg
1727,Corpataux-Magnedens,Freiburg
1728,Rossens FR,Freiburg
1730,Ecuvillens,Freiburg
1731,Ependes FR,Freiburg
1732,Arconciel,Freiburg
1733,Treyvaux,Freiburg
1734,Tentlingen,Freiburg
1735,Giffers,Freiburg
1736,St. Silvester,Freiburg
1737,Plasselb,Freiburg
1738,Sangernboden,Bern
1740,Neyruz FR,Freiburg
1741,Cottens FR,Freiburg
1742,Autigny,Freiburg
1744,Chénens,Freiburg
1745,Lentigny,Freiburg
1746,Prez-vers-Noréaz,Freiburg
1747,Corserey,Freiburg
1748,Torny-le-Grand,Freiburg
1749,Middes,Freiburg
1752,Villars-sur-Glâne,Freiburg
1753,Matran,Freiburg
1754,Rosé,Freiburg
1754,Corjolens,Freiburg
1754,Avry-sur-Matran,Freiburg
1754,Avry-Centre FR,Freiburg
1756,Onnens FR,Freiburg
1756,Lovens,Freiburg
1757,Noréaz,Freiburg
1762,Givisiez,Freiburg
1763,Granges-Paccot,Freiburg
1772,Ponthaux,Freiburg
1772,Nierlet-les-Bois,Freiburg
1772,Grolley,Freiburg
1773,Léchelles,Freiburg
1773,Chandon,Freiburg
1773,Russy,Freiburg
1774,Montagny-les-Monts,Freiburg
1774,Cousset,Freiburg
1775,Mannens,Freiburg
1775,Grandsivaz,Freiburg
1776,Montagny-la-Ville,Freiburg
1782,Autafond,Freiburg
1782,La Corbaz,Freiburg
1782,Cormagens,Freiburg
1782,Lossy,Freiburg
1782,Formangueires,Freiburg
1782,Belfaux,Freiburg
1783,Pensier,Freiburg
1783,Barberêche,Freiburg
1784,Cournillens,Freiburg
1784,Wallenried,Freiburg
1784,Courtepin,Freiburg
1785,Cressier FR,Freiburg
1786,Sugiez,Freiburg
1787,Môtier (Vully),Freiburg
1787,Mur (Vully) FR,Freiburg
1787,Mur (Vully) VD,Waadt
1788,Praz (Vully),Freiburg
1789,Lugnorre,Freiburg
1791,Courtaman,Freiburg
1792,Guschelmuth,Freiburg
1792,Cordast,Freiburg
1793,Jeuss,Freiburg
1794,Salvenach,Freiburg
1795,Courlevon,Freiburg
1796,Courgevaux,Freiburg
1797,Münchenwiler,Bern
1800,Vevey,Waadt
1801,Le Mont-Pèlerin,Waadt
1802,Corseaux,Waadt
1803,Chardonne,Waadt
1804,Corsier-sur-Vevey,Waadt
1805,Jongny,Waadt
1806,St-Légier-La Chiésaz,Waadt
1807,Blonay,Waadt
1808,Les Monts-de-Corsier,Waadt
1809,Fenil-sur-Corsier,Waadt
1814,La Tour-de-Peilz,Waadt
1815,Clarens,Waadt
1816,Chailly-Montreux,Waadt
1817,Brent,Waadt
1820,Montreux,Waadt
1820,Veytaux,Waadt
1820,Territet,Waadt
1822,Chernex,Waadt
1823,Glion,Waadt
1824,Caux,Waadt
1832,Villard-sur-Chamby,Waadt
1832,Chamby,Waadt
1833,Les Avants,Waadt
1844,Villeneuve VD,Waadt
1845,Noville,Waadt
1846,Chessel,Waadt
1847,Rennaz,Waadt
1852,Roche VD,Waadt
1853,Yvorne,Waadt
1854,Leysin,Waadt
1856,Corbeyrier,Waadt
1860,Aigle,Waadt
1862,La Comballaz,Waadt
1862,Les Mosses,Waadt
1863,Le Sépey,Waadt
1864,Vers-l'Eglise,Waadt
1865,Les Diablerets,Waadt
1866,La Forclaz VD,Waadt
1867,St-Triphon,Waadt
1867,Panex,Waadt
1867,Ollon VD,Waadt
1868,Collombey,Wallis
1869,Massongex,Wallis
1870,Monthey,Wallis
1871,Choëx,Wallis
1871,Les Giettes,Wallis
1872,Troistorrents,Wallis
1873,Champoussin,Wallis
1873,Les Crosets,Wallis
1873,Val-d'Illiez,Wallis
1874,Champéry,Wallis
1875,Morgins,Wallis
1880,Fenalet-sur-Bex,Waadt
1880,Frenières-sur-Bex,Waadt
1880,Les Plans-sur-Bex,Waadt
1880,Bex,Waadt
1882,Les Posses-sur-Bex,Waadt
1882,Gryon,Waadt
1884,Huémoz,Waadt
1884,Arveyes,Waadt
1884,Villars-sur-Ollon,Waadt
1885,Chesières,Waadt
1890,Mex VS,Wallis
1890,St-Maurice,Wallis
1891,Vérossaz,Wallis
1892,Lavey-les-Bains,Waadt
1892,Morcles,Waadt
1892,Lavey-Village,Waadt
1893,Muraz (Collombey),Wallis
1895,Vionnaz,Wallis
1896,Miex,Wallis
1896,Vouvry,Wallis
1897,Les Evouettes,Wallis
1897,Bouveret,Wallis
1898,St-Gingolph,Wallis
1899,Torgon,Wallis
1902,Evionnaz,Wallis
1903,Collonges,Wallis
1904,Vernayaz,Wallis
1905,Dorénaz,Wallis
1906,Charrat,Wallis
1907,Saxon,Wallis
1908,Riddes,Wallis
1911,Mayens-de-Chamoson,Wallis
1911,Ovronnaz,Wallis
1912,Produit (Leytron),Wallis
1912,Montagnon (Leytron),Wallis
1912,Dugny (Leytron),Wallis
1912,Leytron,Wallis
1913,Saillon,Wallis
1914,Auddes-sur-Riddes,Wallis
1914,Isérables,Wallis
1918,La Tzoumaz,Wallis
1920,Martigny,Wallis
1921,Martigny-Croix,Wallis
1922,Les Granges (Salvan),Wallis
1922,Salvan,Wallis
1923,Le Trétien,Wallis
1923,Les Marécottes,Wallis
1925,Le Châtelard VS,Wallis
1925,Finhaut,Wallis
1926,Fully,Wallis
1927,Chemin,Wallis
1928,Ravoire,Wallis
1929,Trient,Wallis
1932,Les Valettes (Bovernier),Wallis
1932,Bovernier,Wallis
1933,Vens (Sembrancher),Wallis
1933,Chamoille (Sembrancher),Wallis
1933,La Garde (Sembrancher),Wallis
1933,Sembrancher,Wallis
1934,Bruson,Wallis
1934,Cotterg (Le Châble VS),Wallis
1934,Villette (Le Châble VS),Wallis
1934,Fontenelle (Le Châble VS),Wallis
1934,Montagnier (Le Châble VS),Wallis
1934,Le Châble VS,Wallis
1936,Verbier,Wallis
1937,Orsières,Wallis
1938,Champex-Lac,Wallis
1941,Cries (Vollèges),Wallis
1941,Vollèges,Wallis
1942,Levron,Wallis
1943,Praz-de-Fort,Wallis
1944,La Fouly VS,Wallis
1945,Liddes,Wallis
1945,Fontaine Dessus (Liddes),Wallis
1945,Fontaine Dessous (Liddes),Wallis
1945,Dranse (Liddes),Wallis
1945,Chandonne (Liddes),Wallis
1945,Rive Haute (Liddes),Wallis
1945,Fornex (Liddes),Wallis
1945,Les Moulins VS (Liddes),Wallis
1945,Vichères (Liddes),Wallis
1945,Palasuit (Liddes),Wallis
1945,Chez Petit (Liddes),Wallis
1945,Petit Vichères (Liddes),Wallis
1946,Bourg-St-Pierre,Wallis
1947,Prarreyer (Versegères),Wallis
1947,Les Places (Versegères),Wallis
1947,La Montoz (Versegères),Wallis
1947,Champsec (Versegères),Wallis
1947,Le Fregnoley (Versegères),Wallis
1947,Versegères,Wallis
1948,Lourtier,Wallis
1948,Fionnay,Wallis
1948,Sarreyer,Wallis
1948,Le Planchamp (Lourtier),Wallis
1948,Le Morgnes (Lourtier),Wallis
1950,Sion,Wallis
1955,St-Pierre-de-Clages,Wallis
1955,Les Vérines (Chamoson),Wallis
1955,Némiaz (Chamoson),Wallis
1955,Grugnay (Chamoson),Wallis
1955,Chamoson,Wallis
1957,Ardon,Wallis
1958,Uvrier,Wallis
1958,St-Léonard,Wallis
1961,Vernamiège,Wallis
1962,Pont-de-la-Morge (Sion),Wallis
1963,Vétroz,Wallis
1964,Conthey,Wallis
1965,Chandolin-près-Savièse,Wallis
1965,Drône VS,Wallis
1965,Roumaz (Savièse),Wallis
1965,Granois (Savièse),Wallis
1965,St-Germain (Savièse),Wallis
1965,Ormône (Savièse),Wallis
1965,Mayens-de-la-Zour (Savièse),Wallis
1965,Monteiller-Savièse,Wallis
1965,Savièse,Wallis
1966,Signèse (Ayent),Wallis
1966,Fortunau (Ayent),Wallis
1966,Luc (Ayent),Wallis
1966,St-Romain (Ayent),Wallis
1966,Saxonne (Ayent),Wallis
1966,Villa (Ayent),Wallis
1966,La Place (Ayent),Wallis
1966,Botyre (Ayent),Wallis
1966,Blignoud (Ayent),Wallis
1966,Argnoud (Ayent),Wallis
1967,Bramois,Wallis
1968,Mase,Wallis
1969,Liez (St-Martin),Wallis
1969,Trogne (St-Martin),Wallis
1969,Suen (St-Martin),Wallis
1969,Eison (St.Martin),Wallis
1969,St-Martin VS,Wallis
1971,Champlan (Grimisuat),Wallis
1971,Coméraz (Grimisuat),Wallis
1971,Grimisuat,Wallis
1972,Anzère,Wallis
1973,Nax,Wallis
1974,Arbaz,Wallis
1975,St-Séverin,Wallis
1976,Aven,Wallis
1976,Daillon,Wallis
1976,Erde,Wallis
1977,Icogne,Wallis
1978,Lens,Wallis
1981,Vex,Wallis
1982,Euseigne,Wallis
1983,Lana (Evolène),Wallis
1983,Evolène,Wallis
1984,Les Haudères,Wallis
1985,La Sage,Wallis
1986,Arolla,Wallis
1987,Mâche,Wallis
1987,Hérémence,Wallis
1988,Les Collons,Wallis
1988,Thyon,Wallis
1991,Arvillard (Salins),Wallis
1991,Pravidondaz (Salins),Wallis
1991,Turin (Salins),Wallis
1991,Misériez (Salins),Wallis
1991,Salins,Wallis
1992,Les Agettes,Wallis
1992,Les Mayens-de-Sion,Wallis
1992,La Vernaz (Les Agettes),Wallis
1992,Crête-à-l'Oeil(Les Agettes),Wallis
1993,Clèbes (Nendaz),Wallis
1993,Veysonnaz,Wallis
1994,Aproz (Nendaz),Wallis
1996,Fey (Nendaz),Wallis
1996,Beuson (Nendaz),Wallis
1996,Baar (Nendaz),Wallis
1996,Brignon (Nendaz),Wallis
1996,Bioley-de-Brignon (Nendaz),Wallis
1996,Bieudron (Nendaz),Wallis
1996,Condémines (Nendaz),Wallis
1996,Saclentz (Nendaz),Wallis
1996,Basse-Nendaz,Wallis
1997,Siviez (Nendaz),Wallis
1997,Haute-Nendaz,Wallis
2000,Neuchâtel,Neuenburg
2012,Auvernier,Neuenburg
2013,Colombier NE,Neuenburg
2014,Bôle,Neuenburg
2015,Areuse,Neuenburg
2016,Cortaillod,Neuenburg
2017,Boudry,Neuenburg
2019,Chambrelien,Neuenburg
2019,Rochefort,Neuenburg
2022,Bevaix,Neuenburg
2023,Gorgier,Neuenburg
2024,St-Aubin-Sauges,Neuenburg
2025,Chez-le-Bart,Neuenburg
2027,Montalchez,Neuenburg
2027,Fresens,Neuenburg
2028,Vaumarcus,Neuenburg
2034,Peseux,Neuenburg
2035,Corcelles NE,Neuenburg
2036,Cormondrèche,Neuenburg
2037,Montmollin,Neuenburg
2037,Montezillon,Neuenburg
2042,Valangin,Neuenburg
2043,Boudevilliers,Neuenburg
2046,Fontaines NE,Neuenburg
2052,La Vue-des-Alpes,Neuenburg
2052,Fontainemelon,Neuenburg
2053,Cernier,Neuenburg
2054,Les Vieux-Prés,Neuenburg
2054,Chézard-St-Martin,Neuenburg
2056,Dombresson,Neuenburg
2057,Villiers,Neuenburg
2058,Le Pâquier NE,Neuenburg
2063,Engollon,Neuenburg
2063,Fenin,Neuenburg
2063,Saules,Neuenburg
2063,Vilars NE,Neuenburg
2065,Savagnier,Neuenburg
2067,Chaumont,Neuenburg
2068,Hauterive NE,Neuenburg
2072,St-Blaise,Neuenburg
2073,Enges,Neuenburg
2074,Marin-Epagnier,Neuenburg
2075,Thielle,Neuenburg
2075,Wavre,Neuenburg
2087,Cornaux NE,Neuenburg
2088,Cressier NE,Neuenburg
2103,Noiraigue,Neuenburg
2105,Travers,Neuenburg
2108,Couvet,Neuenburg
2112,Môtiers NE,Neuenburg
2113,Boveresse,Neuenburg
2114,Fleurier,Neuenburg
2115,Buttes,Neuenburg
2116,Mont-de-Buttes,Neuenburg
2117,La Côte-aux-Fées,Neuenburg
2123,St-Sulpice NE,Neuenburg
2124,Les Sagnettes,Neuenburg
2126,Les Verrières,Neuenburg
2127,Les Bayards,Neuenburg
2149,Champ-du-Moulin,Neuenburg
2149,Fretereules,Neuenburg
2149,Brot-Dessous,Neuenburg
2206,Les Geneveys-sur-Coffrane,Neuenburg
2207,Coffrane,Neuenburg
2208,Les Hauts-Geneveys,Neuenburg
2300,La Chaux-de-Fonds,Neuenburg
2300,La Cibourg,Neuenburg
2314,La Sagne NE,Neuenburg
2316,Petit-Martel,Neuenburg
2316,Les Ponts-de-Martel,Neuenburg
2318,Brot-Plamboz,Neuenburg
2322,Le Crêt-du-Locle,Neuenburg
2325,Les Planchettes,Neuenburg
2325,Les Joux-Derrière,Neuenburg
2333,La Cibourg,Bern
2333,La Ferrière,Bern
2336,Les Bois,Jura
2338,Les Emibois,Jura
2338,Muriaux,Jura
2340,Le Noirmont,Jura
2345,Le Cerneux-Veusil,Jura
2345,La Chaux-des-Breuleux,Jura
2345,Les Breuleux,Jura
2350,Saignelégier,Jura
2353,Les Pommerats,Jura
2354,Goumois,Jura
2360,Le Bémont,Jura
2362,Montfavergier,Jura
2362,Montfaucon,Jura
2363,Les Enfers,Jura
2364,St-Brais,Jura
2400,Le Prévoux,Neuenburg
2400,Le Locle,Neuenburg
2405,La Chaux-du-Milieu,Neuenburg
2406,Le Brouillet,Neuenburg
2406,Les Taillères,Neuenburg
2406,La Châtagne,Neuenburg
2406,La Brévine,Neuenburg
2414,Le Cerneux-Péquignot,Neuenburg
2416,Les Brenets,Neuenburg
2500,Biel/Bienne,Bern
2502,Biel/Bienne,Bern
2503,Biel/Bienne,Bern
2504,Biel/Bienne,Bern
2505,Biel/Bienne,Bern
2512,Tüscherz-Alfermée,Bern
2513,Twann,Bern
2514,Ligerz,Bern
2515,Prêles,Bern
2516,Lamboing,Bern
2517,Diesse,Bern
2518,Nods,Bern
2520,La Neuveville,Bern
2523,Lignières,Neuenburg
2525,Le Landeron,Neuenburg
2532,Magglingen/Macolin,Bern
2533,Evilard,Bern
2534,Les Prés-d'Orvin,Bern
2534,Orvin,Bern
2535,Frinvillier,Bern
2536,Plagne,Bern
2537,Vauffelin,Bern
2538,Romont BE,Bern
2540,Grenchen,Solothurn
2542,Pieterlen,Bern
2543,Lengnau BE,Bern
2544,Bettlach,Solothurn
2545,Selzach,Solothurn
2552,Orpund,Bern
2553,Safnern,Bern
2554,Meinisberg,Bern
2555,Brügg BE,Bern
2556,Scheuren,Bern
2556,Schwadernau,Bern
2557,Studen BE,Bern
2558,Aegerten,Bern
2560,Nidau,Bern
2562,Port,Bern
2563,Ipsach,Bern
2564,Bellmund,Bern
2565,Jens,Bern
2572,Mörigen,Bern
2572,Sutz,Bern
2575,Hagneck,Bern
2575,Gerolfingen,Bern
2575,Täuffelen,Bern
2576,Lüscherz,Bern
2577,Finsterhennen,Bern
2577,Siselen BE,Bern
2603,Péry,Bern
2604,La Heutte,Bern
2605,Sonceboz-Sombeval,Bern
2606,Corgémont,Bern
2607,Cortébert,Bern
2608,Montagne-de-Courtelary,Bern
2608,Courtelary,Bern
2610,Mont-Soleil,Bern
2610,Mont-Crosin,Bern
2610,Les Pontins,Bern
2610,St-Imier,Bern
2612,Cormoret,Bern
2613,Villeret,Bern
2615,Montagne-de-Sonvilier,Bern
2615,Sonvilier,Bern
2616,La Cibourg,Bern
2616,Renan BE,Bern
2710,Tavannes,Bern
2712,Le Fuet,Bern
2713,Bellelay,Bern
2714,Le Prédame,Jura
2714,Les Genevez JU,Jura
2715,Monible,Bern
2715,Châtelat,Bern
2716,Sornetan,Bern
2717,Fornet-Dessous,Bern
2717,Rebévelier,Bern
2718,Fornet-Dessus,Jura
2718,Lajoux JU,Jura
2720,La Tanne,Bern
2720,Tramelan,Bern
2722,Les Reussilles,Bern
2723,Mont-Tramelan,Bern
2732,Saicourt,Bern
2732,Saules BE,Bern
2732,Loveresse,Bern
2732,Reconvilier,Bern
2733,Pontenet,Bern
2735,Bévilard,Bern
2735,Champoz,Bern
2735,Malleray,Bern
2736,Sorvilier,Bern
2738,Court,Bern
2740,Moutier,Bern
2742,Perrefitte,Bern
2743,Eschert,Bern
2744,Belprahon,Bern
2745,Grandval,Bern
2746,Crémines,Bern
2747,Seehof,Bern
2747,Corcelles BE,Bern
2748,Souboz,Bern
2748,Les Ecorcheresses,Bern
2762,Roches BE,Bern
2800,Delémont,Jura
2802,Develier,Jura
2803,Bourrignon,Jura
2805,Soyhières,Jura
2806,Mettembert,Jura
2807,Lucelle,Jura
2807,Pleigne,Jura
2812,Movelier,Jura
2813,Ederswiler,Jura
2814,Roggenburg,Basel-Landschaft
2822,Courroux,Jura
2823,Courcelon,Jura
2824,Vicques,Jura
2825,Courchapoix,Jura
2826,Corban,Jura
2827,Schelten,Bern
2827,Mervelier,Jura
2828,Montsevelier,Jura
2829,Vermes,Jura
2830,Vellerat,Jura
2830,Courrendlin,Jura
2832,Rebeuvelier,Jura
2842,Rossemaison,Jura
2843,Châtillon JU,Jura
2852,Courtételle,Jura
2853,Courfaivre,Jura
2854,Bassecourt,Jura
2855,Glovelier,Jura
2856,Boécourt,Jura
2857,Montavon,Jura
2863,Undervelier,Jura
2864,Soulce,Jura
2873,Saulcy,Jura
2874,Montfavergier,Jura
2874,St-Brais,Jura
2875,Les Enfers,Jura
2875,Montfaucon,Jura
2877,Le Bémont JU,Jura
2882,St-Ursanne,Jura
2883,Montmelon,Jura
2884,Montenol,Jura
2885,Epauvillers,Jura
2886,Epiquerez,Jura
2887,Soubey,Jura
2888,Seleute,Jura
2889,Ocourt,Jura
2900,Porrentruy,Jura
2902,Fontenais,Jura
2903,Villars-sur Fontenais,Jura
2904,Bressaucourt,Jura
2905,Courtedoux,Jura
2906,Chevenez,Jura
2907,Rocourt,Jura
2908,Grandfontaine,Jura
2912,Roche-d'Or,Jura
2912,Réclère,Jura
2914,Damvant,Jura
2915,Bure,Jura
2916,Fahy,Jura
2922,Courchavon,Jura
2923,Courtemaîche,Jura
2924,Montignez,Jura
2925,Buix,Jura
2926,Boncourt,Jura
2932,Coeuve,Jura
2933,Damphreux,Jura
2933,Lugnez,Jura
2935,Beurnevésin,Jura
2942,Alle,Jura
2943,Vendlincourt,Jura
2944,Bonfol,Jura
2946,Miécourt,Jura
2947,Charmoille,Jura
2950,Courtemautruy,Jura
2950,Courgenay,Jura
2952,Cornol,Jura
2953,Fregiécourt,Jura
2953,Pleujouse,Jura
2954,Asuel,Jura
3000,Bern,Bern
3004,Bern,Bern
3005,Bern,Bern
3006,Bern,Bern
3007,Bern,Bern
3008,Bern,Bern
3010,Bern,Bern
3011,Bern,Bern
3012,Bern,Bern
3013,Bern,Bern
3014,Bern,Bern
3015,Bern,Bern
3018,Bern,Bern
3019,Bern,Bern
3020,Bern,Bern
3027,Bern,Bern
3032,Hinterkappelen,Bern
3033,Wohlen b. Bern,Bern
3034,Murzelen,Bern
3035,Frieswil,Bern
3036,Detligen,Bern
3037,Herrenschwanden,Bern
3038,Kirchlindach,Bern
3042,Ortschwaben,Bern
3043,Uettligen,Bern
3044,Innerberg,Bern
3045,Meikirch,Bern
3046,Wahlendorf,Bern
3047,Bremgarten b. Bern,Bern
3048,Worblaufen,Bern
3049,Säriswil,Bern
3052,Zollikofen,Bern
3053,Deisswil b. Münchenbuchsee,Bern
3053,Diemerswil,Bern
3053,Wiggiswil,Bern
3053,Lätti,Bern
3053,Münchenbuchsee,Bern
3054,Schüpfen,Bern
3063,Ittigen,Bern
3065,Bolligen,Bern
3066,Stettlen,Bern
3067,Boll,Bern
3068,Utzigen,Bern
3072,Ostermundigen,Bern
3073,Gümligen,Bern
3074,Muri b. Bern,Bern
3075,Rüfenacht BE,Bern
3076,Worb,Bern
3077,Enggistein,Bern
3078,Richigen,Bern
3082,Schlosswil,Bern
3083,Trimstein,Bern
3084,Wabern,Bern
3086,Englisberg,Bern
3086,Zimmerwald,Bern
3087,Niedermuhlern,Bern
3088,Oberbütschel,Bern
3088,Rüeggisberg,Bern
3089,Hinterfultigen,Bern
3095,Spiegel b. Bern,Bern
3096,Oberbalm,Bern
3097,Liebefeld,Bern
3098,Köniz,Bern
3098,Schliern b. Köniz,Bern
3099,Rüti b. Riggisberg,Bern
3110,Münsingen,Bern
3111,Tägertschi,Bern
3112,Allmendingen b. Bern,Bern
3113,Rubigen,Bern
3114,Wichtrach,Bern
3115,Gerzensee,Bern
3116,Mühledorf BE,Bern
3116,Noflen BE,Bern
3116,Kirchdorf BE,Bern
3122,Kehrsatz,Bern
3123,Belp,Bern
3124,Belpberg,Bern
3125,Toffen,Bern
3126,Gelterfingen,Bern
3126,Kaufdorf,Bern
3127,Lohnstorf,Bern
3127,Mühlethurnen,Bern
3128,Kirchenthurnen,Bern
3128,Rümligen,Bern
3132,Riggisberg,Bern
3144,Gasel,Bern
3145,Niederscherli,Bern
3147,Mittelhäusern,Bern
3148,Lanzenhäusern,Bern
3150,Schwarzenburg,Bern
3152,Mamishaus,Bern
3153,Rüschegg Gambach,Bern
3154,Rüschegg Heubach,Bern
3155,Helgisried-Rohrbach,Bern
3156,Riffenmatt,Bern
3157,Milken,Bern
3158,Guggisberg,Bern
3159,Riedstätt,Bern
3172,Niederwangen b. Bern,Bern
3173,Oberwangen b. Bern,Bern
3174,Thörishaus,Bern
3175,Flamatt,Freiburg
3176,Neuenegg,Bern
3177,Laupen BE,Bern
3178,Bösingen,Freiburg
3179,Kriechenwil,Bern
3182,Ueberstorf,Freiburg
3183,Albligen,Bern
3184,Wünnewil,Freiburg
3185,Schmitten FR,Freiburg
3186,Düdingen,Freiburg
3202,Frauenkappelen,Bern
3203,Mühleberg,Bern
3204,Rosshäusern,Bern
3205,Gümmenen,Bern
3206,Rizenbach,Bern
3206,Ferenbalm,Bern
3206,Biberen,Bern
3206,Gammen,Bern
3206,Wallenbuch,Freiburg
3207,Wileroltigen,Bern
3207,Golaten,Bern
3208,Gurbrü,Bern
3210,Kerzers,Freiburg
3212,Kleingurmels,Freiburg
3212,Gurmels,Freiburg
3213,Liebistorf,Freiburg
3213,Kleinbösingen,Freiburg
3214,Ulmiz,Freiburg
3215,Gempenach,Freiburg
3215,Büchslen,Freiburg
3215,Lurtigen,Freiburg
3216,Agriswil,Freiburg
3216,Ried b. Kerzers,Freiburg
3225,Müntschemier,Bern
3226,Treiten,Bern
3232,Ins,Bern
3233,Tschugg,Bern
3234,Vinelz,Bern
3235,Erlach,Bern
3236,Gampelen,Bern
3237,Brüttelen,Bern
3238,Gals,Bern
3250,Lyss,Bern
3251,Ruppoldsried,Bern
3251,Wengi b. Büren,Bern
3252,Worben,Bern
3253,Schnottwil,Solothurn
3254,Balm b. Messen,Solothurn
3254,Messen,Solothurn
3255,Rapperswil BE,Bern
3256,Dieterswil,Bern
3256,Bangerten b. Dieterswil,Bern
3256,Seewil,Bern
3257,Ammerzwil BE,Bern
3257,Grossaffoltern,Bern
3262,Suberg,Bern
3263,Büetigen,Bern
3264,Diessbach b. Büren,Bern
3266,Wiler b. Seedorf,Bern
3267,Seedorf BE,Bern
3268,Lobsigen,Bern
3270,Aarberg,Bern
3271,Radelfingen b. Aarberg,Bern
3272,Epsach,Bern
3272,Walperswil,Bern
3273,Kappelen,Bern
3274,Hermrigen,Bern
3274,Bühl b. Aarberg,Bern
3274,Merzligen,Bern
3280,Meyriez,Freiburg
3280,Greng,Freiburg
3280,Murten,Freiburg
3282,Bargen BE,Bern
3283,Niederried b. Kallnach,Bern
3283,Kallnach,Bern
3284,Fräschels,Freiburg
3285,Galmiz,Freiburg
3286,Muntelier,Freiburg
3292,Busswil b. Büren,Bern
3293,Dotzigen,Bern
3294,Meienried,Bern
3294,Büren an der Aare,Bern
3295,Rüti b. Büren,Bern
3296,Arch,Bern
3297,Leuzigen,Bern
3298,Oberwil b. Büren,Bern
3302,Moosseedorf,Bern
3303,Zuzwil BE,Bern
3303,Ballmoos,Bern
3303,Münchringen,Bern
3303,Jegenstorf,Bern
3305,Iffwil,Bern
3305,Scheunen,Bern
3306,Etzelkofen,Bern
3307,Brunnenthal,Solothurn
3308,Grafenried,Bern
3309,Kernenried,Bern
3309,Zauggenried,Bern
3312,Fraubrunnen,Bern
3313,Büren zum Hof,Bern
3314,Schalunen,Bern
3315,Kräiligen,Bern
3315,Bätterkinden,Bern
3317,Limpach,Bern
3317,Mülchi,Bern
3322,Mattstetten,Bern
3322,Urtenen-Schönbühl,Bern
3323,Bäriswil BE,Bern
3324,Mötschwil,Bern
3324,Hindelbank,Bern
3325,Hettiswil b. Hindelbank,Bern
3326,Krauchthal,Bern
3360,Herzogenbuchsee,Bern
3362,Niederönz,Bern
3363,Oberönz,Bern
3365,Seeberg,Bern
3365,Grasswil,Bern
3366,Bettenhausen,Bern
3366,Bollodingen,Bern
3367,Ochlenberg,Bern
3367,Thörigen,Bern
3368,Bleienbach,Bern
3372,Wanzwil,Bern
3373,Heimenhausen,Bern
3373,Röthenbach Herzogenbuchsee,Bern
3374,Wangenried,Bern
3375,Inkwil,Bern
3376,Graben,Bern
3376,Berken,Bern
3377,Walliswil b. Wangen,Bern
3380,Walliswil b. Niederbipp,Bern
3380,Wangen an der Aare,Bern
3400,Burgdorf,Bern
3412,Heimiswil,Bern
3413,Kaltacker,Bern
3414,Oberburg,Bern
3415,Schafhausen im Emmental,Bern
3415,Rüegsauschachen,Bern
3415,Hasle b. Burgdorf,Bern
3416,Affoltern im Emmental,Bern
3417,Rüegsau,Bern
3418,Rüegsbach,Bern
3419,Biembach im Emmental,Bern
3421,Rüti b. Lyssach,Bern
3421,Lyssach,Bern
3422,Rüdtligen,Bern
3422,Alchenflüh,Bern
3422,Kirchberg BE,Bern
3423,Ersigen,Bern
3424,Niederösch,Bern
3424,Oberösch,Bern
3425,Willadingen,Bern
3425,Koppigen,Bern
3426,Aefligen,Bern
3427,Utzenstorf,Bern
3428,Wiler b. Utzenstorf,Bern
3429,Hellsau,Bern
3429,Höchstetten,Bern
3432,Lützelflüh-Goldbach,Bern
3433,Schwanden im Emmental,Bern
3434,Obergoldbach,Bern
3435,Ramsei,Bern
3436,Zollbrück,Bern
3437,Rüderswil,Bern
3438,Lauperswil,Bern
3439,Ranflüh,Bern
3452,Grünenmatt,Bern
3453,Heimisbach,Bern
3454,Sumiswald,Bern
3455,Grünen,Bern
3456,Trachselwald,Bern
3457,Wasen im Emmental,Bern
3462,Weier im Emmental,Bern
3463,Häusernmoos im Emmental,Bern
3464,Schmidigen-Mühleweg,Bern
3465,Dürrenroth,Bern
3472,Rumendingen,Bern
3472,Wynigen,Bern
3473,Alchenstorf,Bern
3474,Rüedisbach,Bern
3475,Riedtwil,Bern
3475,Hermiswil,Bern
3476,Oschwand,Bern
3503,Gysenstein,Bern
3504,Niederhünigen,Bern
3504,Oberhünigen,Bern
3506,Grosshöchstetten,Bern
3507,Biglen,Bern
3508,Arni BE,Bern
3510,Freimettigen,Bern
3510,Häutligen,Bern
3510,Konolfingen,Bern
3512,Walkringen,Bern
3513,Bigenthal,Bern
3531,Oberthal,Bern
3532,Mirchel,Bern
3532,Zäziwil,Bern
3533,Bowil,Bern
3534,Signau,Bern
3535,Schüpbach,Bern
3536,Aeschau,Bern
3537,Eggiwil,Bern
3538,Röthenbach im Emmental,Bern
3543,Emmenmatt,Bern
3550,Langnau im Emmental,Bern
3551,Oberfrittenbach,Bern
3552,Bärau,Bern
3553,Gohl,Bern
3555,Trubschachen,Bern
3556,Trub,Bern
3557,Fankhaus (Trub),Bern
3600,Thun,Bern
3603,Thun,Bern
3604,Thun,Bern
3608,Thun,Bern
3612,Steffisburg,Bern
3613,Steffisburg,Bern
3614,Unterlangenegg,Bern
3615,Heimenschwand,Bern
3616,Schwarzenegg,Bern
3617,Fahrni b. Thun,Bern
3618,Süderen,Bern
3619,Eriz,Bern
3619,Innereriz,Bern
3622,Homberg b. Thun,Bern
3623,Teuffenthal b. Thun,Bern
3623,Horrenbach,Bern
3623,Buchen BE,Bern
3624,Schwendibach,Bern
3624,Goldiwil (Thun),Bern
3625,Heiligenschwendi,Bern
3626,Hünibach,Bern
3627,Heimberg,Bern
3628,Kienersrüti,Bern
3628,Uttigen,Bern
3629,Oppligen,Bern
3629,Jaberg,Bern
3629,Kiesen,Bern
3631,Höfen b. Thun,Bern
3632,Niederstocken,Bern
3632,Oberstocken,Bern
3633,Amsoldingen,Bern
3634,Thierachern,Bern
3635,Uebeschi,Bern
3636,Längenbühl,Bern
3636,Forst b. Längenbühl,Bern
3638,Pohlern,Bern
3638,Blumenstein,Bern
3645,Gwatt (Thun),Bern
3645,Zwieselberg,Bern
3646,Einigen,Bern
3647,Reutigen,Bern
3652,Hilterfingen,Bern
3653,Oberhofen am Thunersee,Bern
3654,Gunten,Bern
3655,Sigriswil,Bern
3656,Tschingel ob Gunten,Bern
3656,Aeschlen ob Gunten,Bern
3656,Ringoldswil,Bern
3657,Schwanden (Sigriswil),Bern
3658,Merligen,Bern
3661,Uetendorf,Bern
3662,Seftigen,Bern
3663,Gurzelen,Bern
3664,Burgistein,Bern
3665,Wattenwil,Bern
3671,Herbligen,Bern
3671,Brenzikofen,Bern
3672,Aeschlen b. Oberdiessbach,Bern
3672,Oberdiessbach,Bern
3673,Linden,Bern
3674,Bleiken b. Oberdiessbach,Bern
3700,Spiez,Bern
3702,Hondrich,Bern
3703,Aeschiried,Bern
3703,Aeschi b. Spiez,Bern
3704,Krattigen,Bern
3705,Faulensee,Bern
3706,Leissigen,Bern
3707,Därligen,Bern
3711,Emdthal,Bern
3711,Mülenen,Bern
3713,Reichenbach im Kandertal,Bern
3714,Wengi b. Frutigen,Bern
3714,Frutigen,Bern
3715,Adelboden,Bern
3716,Kandergrund,Bern
3717,Blausee-Mitholz,Bern
3718,Kandersteg,Bern
3722,Scharnachtal,Bern
3723,Kiental,Bern
3724,Ried (Frutigen),Bern
3725,Achseten,Bern
3752,Wimmis,Bern
3753,Oey,Bern
3754,Diemtigen,Bern
3755,Horboden,Bern
3756,Zwischenflüh,Bern
3757,Schwenden im Diemtigtal,Bern
3758,Latterbach,Bern
3762,Erlenbach im Simmental,Bern
3763,Därstetten,Bern
3764,Weissenburg,Bern
3765,Oberwil im Simmental,Bern
3766,Boltigen,Bern
3770,Zweisimmen,Bern
3771,Blankenburg,Bern
3772,St. Stephan,Bern
3773,Matten (St. Stephan),Bern
3775,Lenk im Simmental,Bern
3776,Oeschseite,Bern
3777,Saanenmöser,Bern
3778,Schönried,Bern
3780,Gstaad,Bern
3781,Turbach,Bern
3782,Lauenen b. Gstaad,Bern
3783,Grund b. Gstaad,Bern
3784,Feutersoey,Bern
3785,Gsteig b. Gstaad,Bern
3792,Saanen,Bern
3800,Sundlauenen,Bern
3800,Interlaken,Bern
3800,Unterseen,Bern
3800,Matten b. Interlaken,Bern
3801,Jungfraujoch,Wallis
3803,Beatenberg,Bern
3804,Habkern,Bern
3805,Goldswil b. Interlaken,Bern
3806,Bönigen b. Interlaken,Bern
3807,Iseltwald,Bern
3812,Wilderswil,Bern
3813,Saxeten,Bern
3814,Gsteigwiler,Bern
3815,Zweilütschinen,Bern
3815,Gündlischwand,Bern
3816,Lütschental,Bern
3816,Burglauenen,Bern
3818,Grindelwald,Bern
3822,Isenfluh,Bern
3822,Lauterbrunnen,Bern
3823,Kleine Scheidegg,Bern
3823,Eigergletscher,Bern
3823,Wengen,Bern
3824,Stechelberg,Bern
3825,Mürren,Bern
3826,Gimmelwald,Bern
3852,Ringgenberg BE,Bern
3853,Niederried b. Interlaken,Bern
3854,Oberried am Brienzersee,Bern
3855,Schwanden b. Brienz,Bern
3855,Brienz BE,Bern
3855,Axalp,Bern
3856,Brienzwiler,Bern
3857,Unterbach BE,Bern
3858,Hofstetten b. Brienz,Bern
3860,Rosenlaui,Bern
3860,Schattenhalb,Bern
3860,Meiringen,Bern
3860,Brünig,Bern
3862,Innertkirchen,Bern
3863,Gadmen,Bern
3864,Guttannen,Bern
3900,Gamsen,Wallis
3900,Brigerbad,Wallis
3900,Brig,Wallis
3901,Rothwald,Wallis
3902,Glis,Wallis
3903,Birgisch,Wallis
3903,Mund,Wallis
3904,Naters,Wallis
3905,Saas-Almagell,Wallis
3906,Saas-Fee,Wallis
3907,Simplon Hospiz,Wallis
3907,Gabi (Simplon),Wallis
3907,Gondo,Wallis
3907,Simplon Dorf,Wallis
3908,Saas-Balen,Wallis
3910,Saas-Grund,Wallis
3911,Ried-Brig,Wallis
3912,Termen,Wallis
3913,Rosswald,Wallis
3914,Belalp,Wallis
3914,Blatten b. Naters,Wallis
3916,Ferden,Wallis
3917,Goppenstein,Wallis
3917,Kippel,Wallis
3918,Wiler (Lötschen),Wallis
3919,Blatten (Lötschen),Wallis
3920,Zermatt,Wallis
3922,Eisten,Wallis
3922,Kalpetran,Wallis
3922,Stalden VS,Wallis
3923,Törbel,Wallis
3924,Gasenried,Wallis
3924,St. Niklaus VS,Wallis
3925,Grächen,Wallis
3926,Embd,Wallis
3927,Herbriggen,Wallis
3928,Randa,Wallis
3929,Täsch,Wallis
3930,Eyholz,Wallis
3930,Visp,Wallis
3931,Lalden,Wallis
3932,Visperterminen,Wallis
3933,Staldenried,Wallis
3934,Zeneggen,Wallis
3935,Bürchen,Wallis
3937,Baltschieder,Wallis
3938,Ausserberg,Wallis
3939,Eggerberg,Wallis
3940,Steg VS,Wallis
3942,Niedergesteln,Wallis
3942,St. German,Wallis
3942,Raron,Wallis
3943,Eischoll,Wallis
3944,Unterbäch VS,Wallis
3945,Gampel,Wallis
3945,Niedergampel,Wallis
3946,Gruben,Wallis
3946,Turtmann,Wallis
3947,Ergisch,Wallis
3948,Unterems,Wallis
3948,Oberems,Wallis
3949,Hohtenn,Wallis
3951,Agarn,Wallis
3952,Susten,Wallis
3953,Inden,Wallis
3953,Varen,Wallis
3953,Leuk Stadt,Wallis
3954,Leukerbad,Wallis
3955,Albinen,Wallis
3956,Guttet-Feschel,Wallis
3957,Bratsch,Wallis
3957,Erschmatt,Wallis
3960,Corin-de-la-Crête,Wallis
3960,Loc,Wallis
3960,Muraz (Sierre),Wallis
3960,Niouc,Wallis
3960,Sierre,Wallis
3961,Chandolin,Wallis
3961,Ayer,Wallis
3961,St-Jean VS,Wallis
3961,Vissoie,Wallis
3961,St-Luc,Wallis
3961,Zinal,Wallis
3961,Grimentz,Wallis
3963,Montana,Wallis
3963,Crans-Montana,Wallis
3963,Aminona,Wallis
3965,Chippis,Wallis
3966,Réchy,Wallis
3966,Chalais,Wallis
3967,Vercorin,Wallis
3968,Veyras,Wallis
3970,Salgesch,Wallis
3971,Chermignon-d'en-Bas,Wallis
3971,Ollon VS,Wallis
3971,Chermignon,Wallis
3972,Miège,Wallis
3973,Venthône,Wallis
3974,Mollens VS,Wallis
3975,Randogne,Wallis
3976,Champzabé,Wallis
3976,Noës,Wallis
3977,Granges VS,Wallis
3978,Flanthey,Wallis
3979,Grône,Wallis
3982,Bitsch,Wallis
3983,Bister,Wallis
3983,Filet,Wallis
3983,Goppisberg,Wallis
3983,Greich,Wallis
3983,Mörel,Wallis
3984,Fieschertal,Wallis
3984,Fiesch,Wallis
3985,Geschinen,Wallis
3985,Münster VS,Wallis
3986,Ried-Mörel,Wallis
3987,Riederalp,Wallis
3988,Obergesteln,Wallis
3988,Ulrichen,Wallis
3989,Niederwald,Wallis
3989,Blitzingen,Wallis
3989,Biel VS,Wallis
3989,Ritzingen,Wallis
3989,Selkingen,Wallis
3991,Betten,Wallis
3992,Bettmeralp,Wallis
3993,Grengiols,Wallis
3994,Lax,Wallis
3994,Martisberg,Wallis
3995,Ausserbinn,Wallis
3995,Mühlebach (Goms),Wallis
3995,Steinhaus,Wallis
3995,Ernen,Wallis
3996,Binn,Wallis
3997,Bellwald,Wallis
3998,Gluringen,Wallis
3998,Reckingen VS,Wallis
3999,Oberwald,Wallis
4000,Basel,Basel-Stadt
4001,Basel,Basel-Stadt
4031,Basel Universitätsspital,Basel-Stadt
4051,Basel,Basel-Stadt
4052,Basel,Basel-Stadt
4053,Basel,Basel-Stadt
4054,Basel,Basel-Stadt
4055,Basel,Basel-Stadt
4056,Basel,Basel-Stadt
4057,Basel,Basel-Stadt
4058,Basel,Basel-Stadt
4059,Basel,Basel-Stadt
4101,Bruderholz,Basel-Landschaft
4102,Binningen,Basel-Landschaft
4103,Bottmingen,Basel-Landschaft
4104,Oberwil BL,Basel-Landschaft
4105,Biel-Benken BL,Basel-Landschaft
4106,Therwil,Basel-Landschaft
4107,Ettingen,Basel-Landschaft
4108,Witterswil,Solothurn
4112,Bättwil,Solothurn
4112,Flüh,Solothurn
4114,Hofstetten SO,Solothurn
4115,Mariastein,Solothurn
4116,Metzerlen,Solothurn
4117,Burg im Leimental,Basel-Landschaft
4118,Rodersdorf,Solothurn
4123,Allschwil,Basel-Landschaft
4124,Schönenbuch,Basel-Landschaft
4125,Riehen,Basel-Stadt
4126,Bettingen,Basel-Stadt
4127,Birsfelden,Basel-Landschaft
4132,Muttenz,Basel-Landschaft
4133,Pratteln,Basel-Landschaft
4142,Münchenstein,Basel-Landschaft
4143,Dornach,Solothurn
4144,Arlesheim,Basel-Landschaft
4145,Gempen,Solothurn
4146,Hochwald,Solothurn
4147,Aesch BL,Basel-Landschaft
4148,Pfeffingen,Basel-Landschaft
4153,Reinach BL,Basel-Landschaft
4202,Duggingen,Basel-Landschaft
4203,Grellingen,Basel-Landschaft
4204,Himmelried,Solothurn
4206,Seewen SO,Solothurn
4207,Bretzwil,Basel-Landschaft
4208,Nunningen,Solothurn
4222,Zwingen,Basel-Landschaft
4223,Blauen,Basel-Landschaft
4224,Nenzlingen,Basel-Landschaft
4225,Brislach,Basel-Landschaft
4226,Breitenbach,Solothurn
4227,Büsserach,Solothurn
4228,Erschwil,Solothurn
4229,Beinwil SO,Solothurn
4232,Fehren,Solothurn
4233,Meltingen,Solothurn
4234,Zullwil,Solothurn
4242,Laufen,Basel-Landschaft
4243,Dittingen,Basel-Landschaft
4244,Röschenz,Basel-Landschaft
4245,Kleinlützel,Solothurn
4246,Wahlen b. Laufen,Basel-Landschaft
4247,Grindel,Solothurn
4252,Bärschwil,Solothurn
4253,Liesberg,Basel-Landschaft
4254,Liesberg Dorf,Basel-Landschaft
4302,Augst BL,Basel-Landschaft
4303,Kaiseraugst,Aargau
4304,Giebenach,Basel-Landschaft
4305,Olsberg,Aargau
4310,Rheinfelden,Aargau
4312,Magden,Aargau
4313,Möhlin,Aargau
4314,Zeiningen,Aargau
4315,Zuzgen,Aargau
4316,Hellikon,Aargau
4317,Wegenstetten,Aargau
4322,Mumpf,Aargau
4323,Wallbach,Aargau
4324,Obermumpf,Aargau
4325,Schupfart,Aargau
4332,Stein AG,Aargau
4333,Münchwilen AG,Aargau
4334,Sisseln AG,Aargau
4402,Frenkendorf,Basel-Landschaft
4410,Liestal,Basel-Landschaft
4411,Seltisberg,Basel-Landschaft
4412,Nuglar,Solothurn
4413,Büren SO,Solothurn
4414,Füllinsdorf,Basel-Landschaft
4415,Lausen,Basel-Landschaft
4416,Bubendorf,Basel-Landschaft
4417,Ziefen,Basel-Landschaft
4418,Reigoldswil,Basel-Landschaft
4419,Lupsingen,Basel-Landschaft
4421,St. Pantaleon,Solothurn
4422,Arisdorf,Basel-Landschaft
4423,Hersberg,Basel-Landschaft
4424,Arboldswil,Basel-Landschaft
4425,Titterten,Basel-Landschaft
4426,Lauwil,Basel-Landschaft
4431,Bennwil,Basel-Landschaft
4432,Lampenberg,Basel-Landschaft
4433,Ramlinsburg,Basel-Landschaft
4434,Hölstein,Basel-Landschaft
4435,Niederdorf,Basel-Landschaft
4436,Liedertswil,Basel-Landschaft
4436,Oberdorf BL,Basel-Landschaft
4437,Waldenburg,Basel-Landschaft
4438,Langenbruck,Basel-Landschaft
4441,Thürnen,Basel-Landschaft
4442,Diepflingen,Basel-Landschaft
4443,Wittinsburg,Basel-Landschaft
4444,Rümlingen,Basel-Landschaft
4445,Häfelfingen,Basel-Landschaft
4446,Buckten,Basel-Landschaft
4447,Känerkinden,Basel-Landschaft
4448,Läufelfingen,Basel-Landschaft
4450,Sissach,Basel-Landschaft
4451,Wintersingen,Basel-Landschaft
4452,Itingen,Basel-Landschaft
4453,Nusshof,Basel-Landschaft
4455,Zunzgen,Basel-Landschaft
4456,Tenniken,Basel-Landschaft
4457,Diegten,Basel-Landschaft
4458,Eptingen,Basel-Landschaft
4460,Gelterkinden,Basel-Landschaft
4461,Böckten,Basel-Landschaft
4462,Rickenbach BL,Basel-Landschaft
4463,Buus,Basel-Landschaft
4464,Maisprach,Basel-Landschaft
4465,Hemmiken,Basel-Landschaft
4466,Ormalingen,Basel-Landschaft
4467,Rothenfluh,Basel-Landschaft
4468,Kienberg,Solothurn
4469,Anwil,Basel-Landschaft
4492,Tecknau,Basel-Landschaft
4493,Wenslingen,Basel-Landschaft
4494,Oltingen,Basel-Landschaft
4495,Zeglingen,Basel-Landschaft
4496,Kilchberg BL,Basel-Landschaft
4497,Rünenberg,Basel-Landschaft
4500,Solothurn,Solothurn
4512,Bellach,Solothurn
4513,Langendorf,Solothurn
4514,Lommiswil,Solothurn
4515,Weissenstein b. Solothurn,Solothurn
4515,Oberdorf SO,Solothurn
4522,Rüttenen,Solothurn
4523,Niederwil SO,Solothurn
4524,Balmberg,Solothurn
4524,Oberbalmberg,Solothurn
4524,Günsberg,Solothurn
4525,Balm b. Günsberg,Solothurn
4528,Zuchwil,Solothurn
4532,Feldbrunnen,Solothurn
4533,Riedholz,Solothurn
4534,Flumenthal,Solothurn
4535,Hubersdorf,Solothurn
4535,Kammersrohr,Solothurn
4536,Attiswil,Bern
4537,Wiedlisbach,Bern
4538,Oberbipp,Bern
4539,Rumisberg,Bern
4539,Farnern,Bern
4542,Luterbach,Solothurn
4543,Deitingen,Solothurn
4552,Derendingen,Solothurn
4553,Subingen,Solothurn
4554,Hüniken,Solothurn
4554,Etziken,Solothurn
4556,Bolken,Solothurn
4556,Burgäschi,Solothurn
4556,Steinhof SO,Solothurn
4556,Aeschi SO,Solothurn
4557,Horriwil,Solothurn
4558,Hersiwil,Solothurn
4558,Heinrichswil,Solothurn
4558,Winistorf,Solothurn
4562,Biberist,Solothurn
4563,Gerlafingen,Solothurn
4564,Zielebach,Bern
4564,Obergerlafingen,Solothurn
4565,Recherswil,Solothurn
4566,Halten,Solothurn
4566,Oekingen,Solothurn
4566,Kriegstetten,Solothurn
4571,Ichertswil,Solothurn
4571,Lüterkofen,Solothurn
4573,Lohn-Ammannsegg,Solothurn
4574,Lüsslingen,Solothurn
4574,Nennigkofen,Solothurn
4576,Tscheppach,Solothurn
4577,Hessigkofen,Solothurn
4578,Bibern SO,Solothurn
4579,Gossliwil,Solothurn
4581,Küttigkofen,Solothurn
4582,Brügglen,Solothurn
4583,Aetigkofen,Solothurn
4583,Mühledorf SO,Solothurn
4584,Gächliwil,Solothurn
4584,Lüterswil,Solothurn
4585,Biezwil,Solothurn
4586,Kyburg-Buchegg,Solothurn
4587,Aetingen,Solothurn
4588,Unterramsern,Solothurn
4588,Oberramsern,Solothurn
4588,Brittern,Solothurn
4600,Olten,Solothurn
4612,Wangen b. Olten,Solothurn
4613,Rickenbach SO,Solothurn
4614,Hägendorf,Solothurn
4615,Allerheiligenberg,Solothurn
4616,Kappel SO,Solothurn
4617,Gunzgen,Solothurn
4618,Boningen,Solothurn
4622,Egerkingen,Solothurn
4623,Neuendorf,Solothurn
4624,Härkingen,Solothurn
4625,Oberbuchsiten,Solothurn
4626,Niederbuchsiten,Solothurn
4628,Wolfwil,Solothurn
4629,Fulenbach,Solothurn
4632,Trimbach,Solothurn
4633,Hauenstein,Solothurn
4634,Wisen SO,Solothurn
4652,Winznau,Solothurn
4653,Obergösgen,Solothurn
4654,Lostorf,Solothurn
4655,Rohr b. Olten,Solothurn
4655,Stüsslingen,Solothurn
4656,Starrkirch-Wil,Solothurn
4657,Dulliken,Solothurn
4658,Däniken SO,Solothurn
4663,Aarburg,Aargau
4665,Oftringen,Aargau
4702,Oensingen,Solothurn
4703,Kestenholz,Solothurn
4704,Wolfisberg,Bern
4704,Niederbipp,Bern
4710,Balsthal,Solothurn
4712,Laupersdorf,Solothurn
4713,Matzendorf,Solothurn
4714,Aedermannsdorf,Solothurn
4715,Herbetswil,Solothurn
4716,Gänsbrunnen,Solothurn
4716,Welschenrohr,Solothurn
4717,Mümliswil,Solothurn
4718,Holderbank SO,Solothurn
4719,Ramiswil,Solothurn
4800,Zofingen,Aargau
4802,Strengelbach,Aargau
4803,Vordemwald,Aargau
4805,Brittnau,Aargau
4806,Wikon,Luzern
4812,Mühlethal,Aargau
4813,Uerkheim,Aargau
4814,Bottenwil,Aargau
4852,Rothrist,Aargau
4853,Riken AG,Aargau
4853,Murgenthal,Aargau
4856,Glashütten,Aargau
4900,Langenthal,Bern
4911,Schwarzhäusern,Bern
4912,Aarwangen,Bern
4913,Bannwil,Bern
4914,Roggwil BE,Bern
4915,St. Urban,Luzern
4916,Untersteckholz,Bern
4917,Busswil b. Melchnau,Bern
4917,Melchnau,Bern
4919,Reisiswil,Bern
4922,Thunstetten,Bern
4922,Bützberg,Bern
4923,Wynau,Bern
4924,Obersteckholz,Bern
4932,Gutenburg,Bern
4932,Lotzwil,Bern
4933,Rütschelen,Bern
4934,Madiswil,Bern
4935,Leimiswil,Bern
4936,Kleindietwil,Bern
4937,Ursenbach,Bern
4938,Rohrbachgraben,Bern
4938,Rohrbach,Bern
4942,Walterswil BE,Bern
4943,Oeschenbach,Bern
4944,Auswil,Bern
4950,Huttwil,Bern
4952,Eriswil,Bern
4953,Schwarzenbach (Huttwil),Bern
4954,Wyssachen,Bern
4955,Gondiswil,Bern
5000,Aarau,Aargau
5004,Aarau,Aargau
5012,Eppenberg,Solothurn
5012,Wöschnau,Solothurn
5012,Schönenwerd,Solothurn
5013,Niedergösgen,Solothurn
5014,Gretzenbach,Solothurn
5015,Erlinsbach SO,Solothurn
5017,Barmelweid,Aargau
5018,Erlinsbach,Aargau
5022,Rombach,Aargau
5023,Biberstein,Aargau
5024,Küttigen,Aargau
5025,Asp,Aargau
5026,Densbüren,Aargau
5027,Herznach,Aargau
5028,Ueken,Aargau
5032,Aarau Rohr,Aargau
5033,Buchs AG,Aargau
5034,Suhr,Aargau
5035,Unterentfelden,Aargau
5036,Oberentfelden,Aargau
5037,Muhen,Aargau
5040,Schöftland,Aargau
5042,Hirschthal,Aargau
5043,Holziken,Aargau
5044,Schlossrued,Aargau
5046,Schmiedrued,Aargau
5046,Walde AG,Aargau
5046,Schmiedrued-Walde,Aargau
5053,Wittwil,Aargau
5053,Staffelbach,Aargau
5054,Kirchleerau,Aargau
5054,Moosleerau,Aargau
5056,Attelwil,Aargau
5057,Reitnau,Aargau
5058,Wiliberg,Aargau
5062,Oberhof,Aargau
5063,Wölflinswil,Aargau
5064,Wittnau,Aargau
5070,Frick,Aargau
5072,Oeschgen,Aargau
5073,Gipf-Oberfrick,Aargau
5074,Eiken,Aargau
5075,Hornussen,Aargau
5076,Bözen,Aargau
5077,Elfingen,Aargau
5078,Effingen,Aargau
5079,Zeihen,Aargau
5080,Laufenburg,Aargau
5082,Kaisten,Aargau
5083,Ittenthal,Aargau
5084,Rheinsulz,Aargau
5085,Sulz AG,Aargau
5102,Rupperswil,Aargau
5103,Wildegg,Aargau
5103,Möriken AG,Aargau
5105,Auenstein,Aargau
5106,Veltheim AG,Aargau
5107,Schinznach Dorf,Aargau
5108,Oberflachs,Aargau
5112,Thalheim AG,Aargau
5113,Holderbank AG,Aargau
5116,Schinznach Bad,Aargau
5200,Brugg AG,Aargau
5210,Windisch,Aargau
5212,Hausen AG,Aargau
5213,Villnachern,Aargau
5222,Umiken,Aargau
5223,Riniken,Aargau
5224,Gallenkirch,Aargau
5224,Linn,Aargau
5224,Unterbözberg,Aargau
5225,Oberbözberg,Aargau
5233,Stilli,Aargau
5234,Villigen,Aargau
5235,Rüfenach AG,Aargau
5236,Remigen,Aargau
5237,Mönthal,Aargau
5242,Birr,Aargau
5242,Lupfig,Aargau
5243,Mülligen,Aargau
5244,Birrhard,Aargau
5245,Habsburg,Aargau
5246,Scherz,Aargau
5272,Gansingen,Aargau
5273,Oberhofen AG,Aargau
5274,Mettau,Aargau
5275,Etzgen,Aargau
5276,Wil AG,Aargau
5277,Hottwil,Aargau
5300,Turgi,Aargau
5301,Siggenthal Station,Aargau
5303,Würenlingen,Aargau
5304,Endingen,Aargau
5305,Unterendingen,Aargau
5306,Tegerfelden,Aargau
5312,Döttingen,Aargau
5313,Klingnau,Aargau
5314,Kleindöttingen,Aargau
5315,Böttstein,Aargau
5316,Felsenau AG,Aargau
5316,Leuggern,Aargau
5317,Hettenschwil,Aargau
5318,Mandach,Aargau
5322,Koblenz,Aargau
5323,Rietheim,Aargau
5324,Full-Reuenthal,Aargau
5325,Leibstadt,Aargau
5326,Schwaderloch,Aargau
5330,Bad Zurzach,Aargau
5332,Rekingen AG,Aargau
5333,Baldingen,Aargau
5334,Böbikon,Aargau
5400,Baden,Aargau
5404,Baden,Aargau
5405,Dättwil AG,Aargau
5406,Rütihof,Aargau
5408,Ennetbaden,Aargau
5412,Gebenstorf,Aargau
5413,Birmenstorf AG,Aargau
5415,Hertenstein AG,Aargau
5415,Rieden AG,Aargau
5415,Nussbaumen AG,Aargau
5416,Kirchdorf AG,Aargau
5417,Untersiggenthal,Aargau
5420,Ehrendingen,Aargau
5423,Freienwil,Aargau
5425,Schneisingen,Aargau
5426,Lengnau AG,Aargau
5430,Wettingen,Aargau
5432,Neuenhof,Aargau
5436,Würenlos,Aargau
5442,Fislisbach,Aargau
5443,Niederrohrdorf,Aargau
5444,Künten,Aargau
5445,Eggenwil,Aargau
5452,Oberrohrdorf,Aargau
5453,Remetschwil,Aargau
5454,Bellikon,Aargau
5462,Siglistorf,Aargau
5463,Wislikofen,Aargau
5464,Rümikon AG,Aargau
5465,Mellikon,Aargau
5466,Kaiserstuhl AG,Aargau
5467,Fisibach,Aargau
5502,Hunzenschwil,Aargau
5503,Schafisheim,Aargau
5504,Othmarsingen,Aargau
5505,Brunegg,Aargau
5506,Mägenwil,Aargau
5507,Mellingen,Aargau
5512,Wohlenschwil,Aargau
5522,Tägerig,Aargau
5524,Nesselnbach,Aargau
5524,Niederwil AG,Aargau
5525,Fischbach-Göslikon,Aargau
5600,Lenzburg,Aargau
5600,Ammerswil AG,Aargau
5603,Staufen,Aargau
5604,Hendschiken,Aargau
5605,Dottikon,Aargau
5606,Dintikon,Aargau
5607,Hägglingen,Aargau
5608,Stetten AG,Aargau
5610,Wohlen AG,Aargau
5611,Anglikon,Aargau
5612,Villmergen,Aargau
5613,Hilfikon,Aargau
5614,Sarmenstorf,Aargau
5615,Fahrwangen,Aargau
5616,Meisterschwanden,Aargau
5617,Tennwil,Aargau
5618,Bettwil,Aargau
5619,Büttikon AG,Aargau
5619,Uezwil,Aargau
5620,Bremgarten AG,Aargau
5621,Zufikon,Aargau
5622,Waltenschwil,Aargau
5623,Boswil,Aargau
5624,Waldhäusern AG,Aargau
5624,Bünzen,Aargau
5625,Kallern,Aargau
5626,Hermetschwil-Staffeln,Aargau
5627,Besenbüren,Aargau
5628,Aristau,Aargau
5630,Muri AG,Aargau
5632,Buttwil,Aargau
5634,Merenschwand,Aargau
5636,Benzenschwil,Aargau
5637,Geltwil,Aargau
5637,Beinwil (Freiamt),Aargau
5642,Mühlau,Aargau
5643,Alikon,Aargau
5643,Meienberg,Aargau
5643,Sins,Aargau
5644,Auw,Aargau
5645,Aettenschwil,Aargau
5645,Fenkrieden,Aargau
5646,Abtwil AG,Aargau
5647,Oberrüti,Aargau
5702,Niederlenz,Aargau
5703,Seon,Aargau
5704,Egliswil,Aargau
5705,Hallwil,Aargau
5706,Boniswil,Aargau
5707,Seengen,Aargau
5708,Birrwil,Aargau
5712,Beinwil am See,Aargau
5722,Gränichen,Aargau
5723,Teufenthal AG,Aargau
5724,Dürrenäsch,Aargau
5725,Leutwil,Aargau
5726,Unterkulm,Aargau
5727,Oberkulm,Aargau
5728,Gontenschwil,Aargau
5732,Zetzwil,Aargau
5733,Leimbach AG,Aargau
5734,Reinach AG,Aargau
5735,Pfeffikon LU,Luzern
5736,Burg AG,Aargau
5737,Menziken,Aargau
5742,Kölliken,Aargau
5745,Safenwil,Aargau
5746,Walterswil SO,Solothurn
6000,Luzern,Luzern
6003,Luzern,Luzern
6004,Luzern,Luzern
6005,Luzern,Luzern
6005,St. Niklausen LU,Luzern
6006,Luzern,Luzern
6010,Kriens,Luzern
6010,Pilatus Kulm,Obwalden
6012,Obernau,Luzern
6013,Eigenthal,Luzern
6014,Luzern,Luzern
6015,Luzern,Luzern
6016,Hellbühl,Luzern
6017,Ruswil,Luzern
6018,Buttisholz,Luzern
6019,Sigigen,Luzern
6020,Emmenbrücke,Luzern
6022,Grosswangen,Luzern
6023,Rothenburg,Luzern
6024,Hildisrieden,Luzern
6025,Neudorf,Luzern
6026,Rain,Luzern
6027,Römerswil LU,Luzern
6028,Herlisberg,Luzern
6030,Ebikon,Luzern
6032,Emmen,Luzern
6033,Buchrain,Luzern
6034,Inwil,Luzern
6035,Perlen,Luzern
6036,Dierikon,Luzern
6037,Root,Luzern
6038,Gisikon,Luzern
6038,Honau,Luzern
6039,Root Längenbold,Luzern
6042,Dietwil,Aargau
6043,Adligenswil,Luzern
6044,Udligenswil,Luzern
6045,Meggen,Luzern
6047,Kastanienbaum,Luzern
6048,Horw,Luzern
6052,Hergiswil NW,Nidwalden
6053,Alpnachstad,Obwalden
6055,Alpnach Dorf,Obwalden
6056,Kägiswil,Obwalden
6060,Sarnen,Obwalden
6060,Ramersberg,Obwalden
6062,Wilen (Sarnen),Obwalden
6063,Stalden (Sarnen),Obwalden
6064,Kerns,Obwalden
6066,St. Niklausen OW,Obwalden
6067,Melchtal,Obwalden
6068,Melchsee-Frutt,Obwalden
6072,Sachseln,Obwalden
6073,Flüeli-Ranft,Obwalden
6074,Giswil,Obwalden
6078,Bürglen OW,Obwalden
6078,Lungern,Obwalden
6083,Hasliberg Hohfluh,Bern
6084,Hasliberg Wasserwendi,Bern
6085,Hasliberg Goldern,Bern
6086,Hasliberg Reuti,Bern
6102,Malters,Luzern
6103,Schwarzenberg LU,Luzern
6105,Schachen LU,Luzern
6106,Werthenstein,Luzern
6110,Fontannen b. Wolhusen,Luzern
6110,Wolhusen,Luzern
6112,Doppleschwand,Luzern
6113,Romoos,Luzern
6114,Steinhuserberg,Luzern
6122,Menznau,Luzern
6123,Geiss,Luzern
6125,Menzberg,Luzern
6126,Daiwil,Luzern
6130,Willisau,Luzern
6132,Rohrmatt,Luzern
6133,Hergiswil b. Willisau,Luzern
6142,Gettnau,Luzern
6143,Ohmstal,Luzern
6144,Zell LU,Luzern
6145,Fischbach LU,Luzern
6146,Grossdietwil,Luzern
6147,Altbüron,Luzern
6152,Hüswil,Luzern
6153,Ufhusen,Luzern
6154,Hofstatt,Luzern
6156,Luthern Bad,Luzern
6156,Luthern,Luzern
6162,Rengg,Luzern
6162,Finsterwald b. Entlebuch,Luzern
6162,Entlebuch,Luzern
6163,Ebnet,Luzern
6166,Hasle LU,Luzern
6167,Bramboden,Luzern
6170,Schüpfheim,Luzern
6173,Flühli LU,Luzern
6174,Sörenberg,Luzern
6182,Escholzmatt,Luzern
6192,Wiggen,Luzern
6196,Marbach LU,Luzern
6197,Schangnau,Bern
6203,Sempach Station,Luzern
6204,Sempach,Luzern
6205,Eich,Luzern
6206,Neuenkirch,Luzern
6207,Nottwil,Luzern
6208,Oberkirch LU,Luzern
6210,Sursee,Luzern
6211,Buchs LU,Luzern
6212,Kaltbach,Luzern
6212,St. Erhard,Luzern
6213,Knutwil,Luzern
6214,Schenkon,Luzern
6215,Schwarzenbach Beromünster,Luzern
6215,Beromünster,Luzern
6216,Mauensee,Luzern
6217,Kottwil,Luzern
6218,Ettiswil,Luzern
6221,Rickenbach LU,Luzern
6222,Gunzwil,Luzern
6231,Schlierbach,Luzern
6232,Geuensee,Luzern
6233,Büron,Luzern
6234,Kulmerau,Luzern
6234,Triengen,Luzern
6235,Winikon,Luzern
6236,Wilihof,Luzern
6242,Wauwil,Luzern
6243,Egolzwil,Luzern
6244,Nebikon,Luzern
6245,Ebersecken,Luzern
6246,Altishofen,Luzern
6247,Schötz,Luzern
6248,Alberswil,Luzern
6252,Dagmersellen,Luzern
6253,Uffikon,Luzern
6260,Reidermoos,Luzern
6260,Hintermoos,Luzern
6260,Mehlsecken,Luzern
6260,Reiden,Luzern
6262,Langnau b. Reiden,Luzern
6263,Richenthal,Luzern
6264,Pfaffnau,Luzern
6265,Roggliswil,Luzern
6274,Eschenbach LU,Luzern
6275,Ballwil,Luzern
6276,Hohenrain,Luzern
6277,Kleinwangen,Luzern
6277,Lieli LU,Luzern
6280,Hochdorf,Luzern
6280,Urswil,Luzern
6283,Baldegg,Luzern
6284,Sulz LU,Luzern
6284,Gelfingen,Luzern
6285,Retschwil,Luzern
6285,Hitzkirch,Luzern
6286,Altwis,Luzern
6287,Aesch LU,Luzern
6288,Schongau,Luzern
6289,Müswangen,Luzern
6289,Hämikon,Luzern
6294,Ermensee,Luzern
6295,Mosen,Luzern
6300,Zug,Zug
6300,Zugerberg,Zug
6312,Steinhausen,Zug
6313,Edlibach,Zug
6313,Finstersee,Zug
6313,Menzingen,Zug
6314,Neuägeri,Zug
6314,Unterägeri,Zug
6315,Morgarten,Zug
6315,Alosen,Zug
6315,Oberägeri,Zug
6317,Oberwil b. Zug,Zug
6318,Walchwil,Zug
6319,Allenwinden,Zug
6330,Cham,Zug
6331,Hünenberg,Zug
6332,Hagendorn,Zug
6333,Hünenberg See,Zug
6340,Baar,Zug
6340,Sihlbrugg,Zug
6343,Buonas,Zug
6343,Risch,Zug
6343,Holzhäusern ZG,Zug
6343,Rotkreuz,Zug
6344,Meierskappel,Luzern
6345,Neuheim,Zug
6353,Weggis,Luzern
6354,Vitznau,Luzern
6356,Rigi Kaltbad,Luzern
6362,Stansstad,Nidwalden
6363,Obbürgen,Nidwalden
6363,Bürgenstock,Nidwalden
6363,Fürigen,Nidwalden
6365,Kehrsiten,Nidwalden
6370,Stans,Nidwalden
6370,Oberdorf NW,Nidwalden
6372,Ennetmoos,Nidwalden
6373,Ennetbürgen,Nidwalden
6374,Buochs,Nidwalden
6375,Beckenried,Nidwalden
6376,Emmetten,Nidwalden
6377,Seelisberg,Uri
6382,Büren NW,Nidwalden
6383,Niederrickenbach,Nidwalden
6383,Wiesenberg,Nidwalden
6383,Wirzweli,Nidwalden
6383,Dallenwil,Nidwalden
6386,Wolfenschiessen,Nidwalden
6387,Oberrickenbach,Nidwalden
6388,Grafenort,Obwalden
6390,Engelberg,Obwalden
6402,Merlischachen,Schwyz
6403,Küssnacht am Rigi,Schwyz
6404,Greppen,Luzern
6405,Immensee,Schwyz
6410,Rigi Klösterli,Schwyz
6410,Rigi Staffel,Schwyz
6410,Rigi Kulm,Schwyz
6410,Rigi Scheidegg,Schwyz
6410,Goldau,Schwyz
6414,Oberarth,Schwyz
6415,Arth,Schwyz
6416,Steinerberg,Schwyz
6417,Sattel,Schwyz
6418,Rothenthurm,Schwyz
6422,Steinen,Schwyz
6423,Seewen SZ,Schwyz
6424,Lauerz,Schwyz
6430,Schwyz,Schwyz
6432,Rickenbach b. Schwyz,Schwyz
6433,Stoos SZ,Schwyz
6434,Illgau,Schwyz
6436,Ried (Muotathal),Schwyz
6436,Bisisthal,Schwyz
6436,Muotathal,Schwyz
6438,Ibach,Schwyz
6440,Brunnen,Schwyz
6441,Rütli,Uri
6442,Gersau,Schwyz
6443,Morschach,Schwyz
6452,Riemenstalden,Schwyz
6452,Sisikon,Uri
6454,Flüelen,Uri
6460,Altdorf UR,Uri
6461,Isenthal,Uri
6462,Seedorf UR,Uri
6463,Bürglen UR,Uri
6464,Spiringen,Uri
6465,Unterschächen,Uri
6466,Bauen,Uri
6467,Schattdorf,Uri
6468,Attinghausen,Uri
6469,Haldi b. Schattdorf,Uri
6472,Erstfeld,Uri
6473,Silenen,Uri
6474,Amsteg,Uri
6475,Bristen,Uri
6476,Intschi,Uri
6482,Gurtnellen,Uri
6484,Wassen UR,Uri
6485,Meien,Uri
6487,Göschenen,Uri
6490,Andermatt,Uri
6491,Realp,Uri
6493,Hospental,Uri
6500,Bellinzona,Tessin
6503,Bellinzona,Tessin
6512,Giubiasco,Tessin
6513,Monte Carasso,Tessin
6514,Sementina,Tessin
6515,Gudo,Tessin
6516,Cugnasco,Tessin
6517,Arbedo,Tessin
6518,Gorduno,Tessin
6523,Preonzo,Tessin
6524,Moleno,Tessin
6525,Gnosca,Tessin
6526,Prosito,Tessin
6527,Lodrino,Tessin
6528,Camorino,Tessin
6532,Castione,Tessin
6533,Lumino,Tessin
6534,S. Vittore,Graubünden
6535,Roveredo GR,Graubünden
6537,Grono,Graubünden
6538,Verdabbio,Graubünden
6540,Castaneda,Graubünden
6541,Sta. Maria in Calanca,Graubünden
6542,Buseno,Graubünden
6543,Arvigo,Graubünden
6544,Braggio,Graubünden
6545,Selma,Graubünden
6546,Cauco,Graubünden
6547,Augio,Graubünden
6548,Rossa,Graubünden
6549,Laura,Graubünden
6556,Leggia,Graubünden
6557,Cama,Graubünden
6558,Lostallo,Graubünden
6562,Soazza,Graubünden
6563,Mesocco,Graubünden
6565,S. Bernardino,Graubünden
6571,Indemini,Tessin
6572,Quartino,Tessin
6573,Magadino,Tessin
6574,Vira (Gambarogno),Tessin
6575,Vairano,Tessin
6575,S. Nazzaro,Tessin
6576,Gerra (Gambarogno),Tessin
6577,Ranzo,Tessin
6578,Caviano,Tessin
6579,Piazzogna,Tessin
6582,Pianezzo,Tessin
6583,S. Antonio (Val Morobbia),Tessin
6584,Carena,Tessin
6592,S. Antonino,Tessin
6593,Cadenazzo,Tessin
6594,Contone,Tessin
6595,Riazzino,Tessin
6596,Gordola,Tessin
6597,Agarone,Tessin
6598,Tenero,Tessin
6599,Robasacco,Tessin
6600,Locarno,Tessin
6600,Muralto,Tessin
6600,Solduno,Tessin
6605,Monte Brè sopra Locarno,Tessin
6605,Locarno,Tessin
6611,Mosogno,Tessin
6611,Gresso,Tessin
6611,Crana,Tessin
6612,Ascona,Tessin
6613,Porto Ronco,Tessin
6614,Isole di Brissago,Tessin
6614,Brissago,Tessin
6616,Losone,Tessin
6618,Arcegno,Tessin
6622,Ronco sopra Ascona,Tessin
6631,Corippo,Tessin
6632,Vogorno,Tessin
6633,Lavertezzo,Tessin
6634,Brione (Verzasca),Tessin
6635,Gerra (Verzasca),Tessin
6636,Frasco,Tessin
6637,Sonogno,Tessin
6644,Orselina,Tessin
6645,Brione sopra Minusio,Tessin
6646,Contra,Tessin
6647,Mergoscia,Tessin
6648,Minusio,Tessin
6652,Tegna,Tessin
6653,Verscio,Tessin
6654,Cavigliano,Tessin
6655,Verdasio,Tessin
6655,Rasa,Tessin
6655,Intragna,Tessin
6656,Golino,Tessin
6657,Palagnedra,Tessin
6658,Borgnone,Tessin
6659,Moneto,Tessin
6659,Camedo,Tessin
6661,Auressio,Tessin
6661,Berzona,Tessin
6661,Loco,Tessin
6662,Russo,Tessin
6663,Comologno,Tessin
6663,Spruga,Tessin
6664,Vergeletto,Tessin
6670,Avegno,Tessin
6672,Gordevio,Tessin
6673,Maggia,Tessin
6674,Riveo,Tessin
6674,Someo,Tessin
6675,Cevio,Tessin
6676,Bignasco,Tessin
6677,Moghegno,Tessin
6677,Aurigeno,Tessin
6678,Coglio,Tessin
6678,Lodano,Tessin
6678,Giumaglio,Tessin
6682,Linescio,Tessin
6683,Cerentino,Tessin
6683,Niva (Vallemaggia),Tessin
6684,Campo (Vallemaggia),Tessin
6684,Cimalmotto,Tessin
6685,Bosco/Gurin,Tessin
6690,Cavergno,Tessin
6690,S. Carlo (Val Bavona),Tessin
6692,Brontallo,Tessin
6692,Menzonio,Tessin
6693,Broglio,Tessin
6694,Prato-Sornico,Tessin
6695,Peccia,Tessin
6695,Piano di Peccia,Tessin
6696,Fusio,Tessin
6702,Claro,Tessin
6703,Osogna,Tessin
6705,Cresciano,Tessin
6707,Iragna,Tessin
6710,Biasca,Tessin
6710,Biasca Stazione,Tessin
6713,Malvaglia,Tessin
6714,Semione,Tessin
6715,Dongio,Tessin
6716,Leontica,Tessin
6716,Lottigna,Tessin
6716,Acquarossa,Tessin
6717,Dangio-Torre,Tessin
6717,Torre,Tessin
6718,Camperio,Tessin
6718,Olivone,Tessin
6719,Aquila,Tessin
6720,Campo (Blenio),Tessin
6720,Ghirone,Tessin
6721,Ludiano,Tessin
6721,Motto (Blenio),Tessin
6722,Corzoneso,Tessin
6723,Prugiasco,Tessin
6723,Castro,Tessin
6723,Marolta,Tessin
6724,Ponto Valentino,Tessin
6724,Largario,Tessin
6742,Pollegio,Tessin
6743,Bodio TI,Tessin
6744,Personico,Tessin
6745,Giornico,Tessin
6746,Calonico,Tessin
6746,Nivo,Tessin
6746,Lavorgo,Tessin
6747,Chironico,Tessin
6748,Anzonico,Tessin
6749,Sobrio,Tessin
6749,Cavagnago,Tessin
6760,Molare,Tessin
6760,Calpiogna,Tessin
6760,Carì,Tessin
6760,Rossura,Tessin
6760,Faido,Tessin
6760,Campello,Tessin
6763,Mairengo,Tessin
6763,Osco,Tessin
6764,Chiggiogna,Tessin
6772,Rodi-Fiesso,Tessin
6773,Prato (Leventina),Tessin
6774,Dalpe,Tessin
6775,Ambrì,Tessin
6776,Piotta,Tessin
6777,Quinto,Tessin
6777,Varenzo,Tessin
6780,Madrano,Tessin
6780,Airolo,Tessin
6781,Villa Bedretto,Tessin
6781,Bedretto,Tessin
6802,Rivera,Tessin
6803,Camignolo,Tessin
6804,Bironico,Tessin
6805,Mezzovico,Tessin
6806,Sigirino,Tessin
6807,Taverne,Tessin
6808,Torricella,Tessin
6809,Medeglia,Tessin
6810,Isone,Tessin
6814,Lamone,Tessin
6814,Cadempino,Tessin
6815,Melide,Tessin
6816,Bissone,Tessin
6817,Maroggia,Tessin
6818,Melano,Tessin
6821,Rovio,Tessin
6822,Arogno,Tessin
6823,Pugerna,Tessin
6825,Capolago,Tessin
6826,Riva San Vitale,Tessin
6827,Brusino Arsizio,Tessin
6828,Balerna,Tessin
6830,Chiasso,Tessin
6832,Seseglio,Tessin
6832,Pedrinate,Tessin
6833,Vacallo,Tessin
6834,Morbio Inferiore,Tessin
6835,Morbio Superiore,Tessin
6837,Bruzella,Tessin
6837,Caneggio,Tessin
6838,Cabbio,Tessin
6838,Scudellate,Tessin
6838,Muggio,Tessin
6839,Sagno,Tessin
6850,Mendrisio,Tessin
6852,Genestrerio,Tessin
6853,Ligornetto,Tessin
6854,S. Pietro,Tessin
6855,Stabio,Tessin
6862,Rancate,Tessin
6863,Besazio,Tessin
6864,Arzo,Tessin
6865,Tremona,Tessin
6866,Meride,Tessin
6867,Serpiano,Tessin
6872,Salorino,Tessin
6872,Somazzo,Tessin
6873,Corteglia,Tessin
6874,Castel San Pietro,Tessin
6875,Casima,Tessin
6875,Monte,Tessin
6877,Coldrerio,Tessin
6883,Novazzano,Tessin
6900,Lugano,Tessin
6900,Massagno,Tessin
6900,Paradiso,Tessin
6911,Campione d'Italia,IT
6912,Pazzallo,Tessin
6913,Carabbia,Tessin
6914,Carona,Tessin
6915,Pambio-Noranco,Tessin
6916,Grancia,Tessin
6917,Barbengo,Tessin
6918,Figino,Tessin
6919,Carabietta,Tessin
6921,Vico Morcote,Tessin
6922,Morcote,Tessin
6924,Sorengo,Tessin
6925,Gentilino,Tessin
6926,Montagnola,Tessin
6927,Agra,Tessin
6928,Manno,Tessin
6929,Gravesano,Tessin
6930,Bedano,Tessin
6932,Breganzona,Tessin
6933,Muzzano,Tessin
6934,Bioggio,Tessin
6935,Bosco Luganese,Tessin
6936,Cademario,Tessin
6937,Breno,Tessin
6938,Vezio,Tessin
6938,Fescoggia,Tessin
6939,Arosio,Tessin
6939,Mugena,Tessin
6942,Savosa,Tessin
6943,Vezia,Tessin
6944,Cureglia,Tessin
6945,Origlio,Tessin
6946,Ponte Capriasca,Tessin
6947,Vaglio,Tessin
6948,Porza,Tessin
6949,Comano,Tessin
6950,Tesserete,Tessin
6951,Insone,Tessin
6951,Odogno,Tessin
6951,Colla,Tessin
6951,Bogno,Tessin
6951,Cozzo,Tessin
6951,Signôra,Tessin
6951,Scareglia,Tessin
6952,Canobbio,Tessin
6953,Lugaggia,Tessin
6954,Sala Capriasca,Tessin
6954,Bigorio,Tessin
6955,Cagiallo,Tessin
6955,Oggio,Tessin
6956,Lopagno,Tessin
6957,Roveredo TI,Tessin
6958,Bidogno,Tessin
6958,Corticiasca,Tessin
6959,Cimadera,Tessin
6959,Certara,Tessin
6959,Curtina,Tessin
6959,Piandera Paese,Tessin
6959,Maglio di Colla,Tessin
6962,Viganello,Tessin
6963,Cureggia,Tessin
6963,Pregassona,Tessin
6964,Davesco-Soragno,Tessin
6965,Cadro,Tessin
6966,Villa Luganese,Tessin
6967,Dino,Tessin
6968,Sonvico,Tessin
6974,Aldesago,Tessin
6976,Castagnola,Tessin
6977,Ruvigliana,Tessin
6978,Gandria,Tessin
6979,Brè sopra Lugano,Tessin
6980,Castelrotto,Tessin
6981,Bedigliora,Tessin
6981,Biogno-Beride,Tessin
6981,Bombinasco,Tessin
6981,Banco,Tessin
6982,Agno,Tessin
6983,Magliaso,Tessin
6984,Pura,Tessin
6986,Miglieglia,Tessin
6986,Curio,Tessin
6986,Novaggio,Tessin
6987,Caslano,Tessin
6988,Ponte Tresa,Tessin
6989,Purasca,Tessin
6990,Cassina d'Agno,Tessin
6991,Neggio,Tessin
6992,Cimo,Tessin
6992,Vernate,Tessin
6993,Iseo,Tessin
6994,Aranno,Tessin
6995,Madonna del Piano,Tessin
6995,Molinazzo di Monteggio,Tessin
6996,Ponte Cremenaga,Tessin
6997,Sessa,Tessin
6998,Termine,Tessin
6999,Astano,Tessin
7000,Chur,Graubünden
7012,Felsberg,Graubünden
7013,Domat/Ems,Graubünden
7014,Trin,Graubünden
7015,Tamins,Graubünden
7016,Trin Mulin,Graubünden
7017,Flims Dorf,Graubünden
7018,Flims Waldhaus,Graubünden
7019,Fidaz,Graubünden
7023,Haldenstein,Graubünden
7026,Maladers,Graubünden
7027,Lüen,Graubünden
7027,Castiel,Graubünden
7027,Calfreisen,Graubünden
7028,Pagig,Graubünden
7028,St. Peter,Graubünden
7029,Peist,Graubünden
7031,Laax GR,Graubünden
7032,Laax GR 2,Graubünden
7050,Arosa,Graubünden
7056,Molinis,Graubünden
7057,Langwies,Graubünden
7058,Litzirüti,Graubünden
7062,Passugg-Araschgen,Graubünden
7063,Praden,Graubünden
7064,Tschiertschen,Graubünden
7074,Malix,Graubünden
7075,Churwalden,Graubünden
7076,Parpan,Graubünden
7077,Valbella,Graubünden
7078,Lenzerheide/Lai,Graubünden
7082,Vaz/Obervaz,Graubünden
7083,Lantsch/Lenz,Graubünden
7084,Brienz/Brinzauls GR,Graubünden
7104,Arezen,Graubünden
7104,Versam,Graubünden
7106,Tenna,Graubünden
7107,Safien Platz,Graubünden
7109,Thalkirch,Graubünden
7110,Peiden,Graubünden
7111,Pitasch,Graubünden
7112,Duvin,Graubünden
7113,Camuns,Graubünden
7114,Uors (Lumnezia),Graubünden
7115,Surcasti,Graubünden
7116,Tersnaus,Graubünden
7116,St. Martin (Lugnez),Graubünden
7122,Valendas,Graubünden
7122,Carrera,Graubünden
7126,Castrisch,Graubünden
7127,Sevgein,Graubünden
7128,Riein,Graubünden
7130,Schnaus,Graubünden
7130,Ilanz,Graubünden
7132,Vals,Graubünden
7133,Obersaxen Affeier,Graubünden
7134,Obersaxen Meierhof,Graubünden
7135,Obersaxen Giraniga,Graubünden
7136,Obersaxen Friggahüs,Graubünden
7137,Flond,Graubünden
7138,Surcuolm,Graubünden
7141,Luven,Graubünden
7142,Cumbel,Graubünden
7143,Morissen,Graubünden
7144,Vella,Graubünden
7145,Degen,Graubünden
7146,Vattiz,Graubünden
7147,Vignogn,Graubünden
7148,Surin,Graubünden
7148,Lumbrein,Graubünden
7149,Vrin,Graubünden
7151,Schluein,Graubünden
7152,Sagogn,Graubünden
7153,Falera,Graubünden
7154,Ruschein,Graubünden
7155,Ladir,Graubünden
7156,Pigniu,Graubünden
7156,Rueun,Graubünden
7157,Siat,Graubünden
7158,Waltensburg/Vuorz,Graubünden
7159,Andiast,Graubünden
7162,Tavanasa,Graubünden
7163,Danis,Graubünden
7164,Dardin,Graubünden
7165,Breil/Brigels,Graubünden
7166,Trun,Graubünden
7167,Zignau,Graubünden
7168,Schlans,Graubünden
7172,Rabius,Graubünden
7173,Surrein,Graubünden
7174,S. Benedetg,Graubünden
7175,Sumvitg,Graubünden
7176,Cumpadials,Graubünden
7180,Disentis/Mustér,Graubünden
7182,Cavardiras,Graubünden
7183,Mompé Medel,Graubünden
7184,Curaglia,Graubünden
7185,Platta,Graubünden
7186,Segnas,Graubünden
7187,Camischolas,Graubünden
7188,Sedrun,Graubünden
7189,Rueras,Graubünden
7201,Untervaz Bahnhof,Graubünden
7202,Says,Graubünden
7203,Trimmis,Graubünden
7204,Untervaz,Graubünden
7205,Zizers,Graubünden
7206,Igis,Graubünden
7208,Malans GR,Graubünden
7212,Seewis Dorf,Graubünden
7213,Valzeina,Graubünden
7214,Seewis-Pardisla,Graubünden
7214,Seewis-Schmitten,Graubünden
7214,Grüsch,Graubünden
7215,Fanas,Graubünden
7220,Schiers,Graubünden
7222,Mittellunden,Graubünden
7223,Buchen im Prättigau,Graubünden
7224,Putz,Graubünden
7226,Stels,Graubünden
7226,Fajauna,Graubünden
7228,Schuders,Graubünden
7228,Pusserein,Graubünden
7231,Pragg-Jenaz,Graubünden
7232,Furna,Graubünden
7233,Jenaz,Graubünden
7235,Fideris,Graubünden
7240,Küblis,Graubünden
7241,Conters im Prättigau,Graubünden
7242,Luzein,Graubünden
7243,Pany,Graubünden
7244,Gadenstätt,Graubünden
7245,Ascharina,Graubünden
7246,St. Antönien,Graubünden
7247,Saas im Prättigau,Graubünden
7249,Serneus,Graubünden
7250,Klosters,Graubünden
7252,Klosters Dorf,Graubünden
7260,Davos Dorf,Graubünden
7265,Davos Wolfgang,Graubünden
7270,Davos Platz,Graubünden
7272,Davos Clavadel,Graubünden
7276,Davos Frauenkirch,Graubünden
7277,Davos Glaris,Graubünden
7278,Davos Monstein,Graubünden
7302,Landquart,Graubünden
7303,Mastrils,Graubünden
7304,Maienfeld,Graubünden
7306,Fläsch,Graubünden
7307,Jenins,Graubünden
7310,Bad Ragaz,St. Gallen
7312,Pfäfers,St. Gallen
7313,St. Margrethenberg,St. Gallen
7314,Vadura,St. Gallen
7315,Vättis,St. Gallen
7317,Vasön,St. Gallen
7317,Valens,St. Gallen
7320,Sargans,St. Gallen
7323,Wangs,St. Gallen
7324,Vilters,St. Gallen
7325,Schwendi im Weisstannental,St. Gallen
7326,Weisstannen,St. Gallen
7402,Bonaduz,Graubünden
7403,Rhäzüns,Graubünden
7404,Feldis/Veulden,Graubünden
7405,Rothenbrunnen,Graubünden
7407,Trans,Graubünden
7408,Realta,Graubünden
7408,Cazis,Graubünden
7411,Sils im Domleschg,Graubünden
7412,Scharans,Graubünden
7413,Fürstenaubruck,Graubünden
7414,Fürstenau,Graubünden
7415,Pratval,Graubünden
7415,Rodels,Graubünden
7416,Almens,Graubünden
7417,Paspels,Graubünden
7418,Tumegl/Tomils,Graubünden
7419,Scheid,Graubünden
7421,Summaprada,Graubünden
7422,Tartar,Graubünden
7423,Sarn,Graubünden
7423,Portein,Graubünden
7424,Präz,Graubünden
7424,Dalin,Graubünden
7425,Masein,Graubünden
7426,Flerden,Graubünden
7427,Urmein,Graubünden
7428,Tschappina,Graubünden
7428,Glaspass,Graubünden
7430,Rongellen,Graubünden
7430,Thusis,Graubünden
7431,Mutten,Graubünden
7431,Obermutten,Graubünden
7432,Zillis,Graubünden
7433,Farden,Graubünden
7433,Wergenstein,Graubünden
7433,Lohn GR,Graubünden
7433,Donat,Graubünden
7433,Mathon,Graubünden
7434,Sufers,Graubünden
7435,Splügen,Graubünden
7436,Medels im Rheinwald,Graubünden
7437,Nufenen,Graubünden
7438,Hinterrhein,Graubünden
7440,Andeer,Graubünden
7442,Clugin,Graubünden
7443,Pignia,Graubünden
7444,Ausserferrera,Graubünden
7445,Innerferrera,Graubünden
7446,Campsut-Cröt,Graubünden
7447,Cresta (Avers),Graubünden
7447,Am Bach (Avers),Graubünden
7448,Juf,Graubünden
7450,Tiefencastel,Graubünden
7451,Alvaschein,Graubünden
7452,Cunter,Graubünden
7453,Tinizong,Graubünden
7454,Rona,Graubünden
7455,Mulegns,Graubünden
7456,Sur,Graubünden
7456,Marmorera,Graubünden
7457,Bivio,Graubünden
7458,Mon,Graubünden
7459,Stierva,Graubünden
7460,Savognin,Graubünden
7462,Salouf,Graubünden
7463,Riom,Graubünden
7464,Parsonz,Graubünden
7472,Surava,Graubünden
7473,Alvaneu Bad,Graubünden
7477,Filisur,Graubünden
7482,Stugl/Stuls,Graubünden
7482,Preda,Graubünden
7482,Bergün/Bravuogn,Graubünden
7484,Latsch,Graubünden
7492,Alvaneu Dorf,Graubünden
7493,Schmitten (Albula),Graubünden
7494,Wiesen GR,Graubünden
7500,St. Moritz,Graubünden
7502,Bever,Graubünden
7503,Samedan,Graubünden
7504,Pontresina,Graubünden
7505,Celerina/Schlarigna,Graubünden
7512,Champfèr,Graubünden
7513,Silvaplana-Surlej,Graubünden
7513,Silvaplana,Graubünden
7514,Fex,Graubünden
7514,Sils/Segl Maria,Graubünden
7515,Sils/Segl Baselgia,Graubünden
7516,Maloja,Graubünden
7517,Plaun da Lej,Graubünden
7522,La Punt-Chamues-ch,Graubünden
7523,Madulain,Graubünden
7524,Zuoz,Graubünden
7525,S-chanf,Graubünden
7526,Cinuos-chel,Graubünden
7527,Brail,Graubünden
7530,Zernez,Graubünden
7532,Tschierv,Graubünden
7533,Fuldera,Graubünden
7534,Lü,Graubünden
7535,Valchava,Graubünden
7536,Sta. Maria Val Müstair,Graubünden
7537,Müstair,Graubünden
7542,Susch,Graubünden
7543,Lavin,Graubünden
7545,Guarda,Graubünden
7546,Ardez,Graubünden
7550,Scuol,Graubünden
7551,Ftan,Graubünden
7552,Vulpera,Graubünden
7553,Tarasp,Graubünden
7554,Crusch,Graubünden
7554,Sent,Graubünden
7556,Ramosch,Graubünden
7557,Vnà,Graubünden
7558,Strada,Graubünden
7559,Tschlin,Graubünden
7560,Martina,Graubünden
7562,Samnaun-Compatsch,Graubünden
7563,Samnaun Dorf,Graubünden
7602,Casaccia,Graubünden
7603,Vicosoprano,Graubünden
7604,Borgonovo,Graubünden
7605,Stampa,Graubünden
7606,Promontogno,Graubünden
7608,Castasegna,Graubünden
7610,Soglio,Graubünden
7710,Ospizio Bernina,Graubünden
7710,Alp Grüm,Graubünden
7741,S. Carlo (Poschiavo),Graubünden
7742,Sfazù,Graubünden
7742,La Rösa,Graubünden
7742,Poschiavo,Graubünden
7743,Miralago,Graubünden
7743,Brusio,Graubünden
7744,Campocologno,Graubünden
7745,Li Curt,Graubünden
7746,Le Prese,Graubünden
7747,Viano,Graubünden
7748,Campascio,Graubünden
8000,Zürich,Zürich
8001,Zürich,Zürich
8002,Zürich,Zürich
8003,Zürich,Zürich
8004,Zürich,Zürich
8005,Zürich,Zürich
8006,Zürich,Zürich
8008,Zürich,Zürich
8032,Zürich,Zürich
8037,Zürich,Zürich
8038,Zürich,Zürich
8041,Zürich,Zürich
8044,Gockhausen,Zürich
8044,Zürich,Zürich
8045,Zürich,Zürich
8046,Zürich,Zürich
8047,Zürich,Zürich
8048,Zürich,Zürich
8049,Zürich,Zürich
8050,Zürich,Zürich
8051,Zürich,Zürich
8052,Zürich,Zürich
8053,Zürich,Zürich
8055,Zürich,Zürich
8057,Zürich,Zürich
8063,Zürich,Zürich
8064,Zürich,Zürich
8099,Zürich,Zürich
8102,Oberengstringen,Zürich
8103,Unterengstringen,Zürich
8104,Weiningen ZH,Zürich
8105,Regensdorf,Zürich
8105,Watt,Zürich
8106,Adlikon b. Regensdorf,Zürich
8107,Buchs ZH,Zürich
8108,Dällikon,Zürich
8109,Kloster Fahr,Aargau
8112,Otelfingen,Zürich
8113,Boppelsen,Zürich
8114,Dänikon ZH,Zürich
8115,Hüttikon,Zürich
8117,Fällanden,Zürich
8118,Pfaffhausen,Zürich
8121,Benglen,Zürich
8122,Binz,Zürich
8123,Ebmatingen,Zürich
8124,Maur,Zürich
8125,Zollikerberg,Zürich
8126,Zumikon,Zürich
8127,Forch,Zürich
8132,Hinteregg,Zürich
8132,Egg b. Zürich,Zürich
8133,Esslingen,Zürich
8134,Adliswil,Zürich
8135,Sihlbrugg Station,Zürich
8135,Sihlwald,Zürich
8135,Langnau am Albis,Zürich
8136,Gattikon,Zürich
8142,Uitikon Waldegg,Zürich
8143,Uetliberg,Zürich
8143,Stallikon,Zürich
8152,Glattpark (Opfikon),Zürich
8152,Glattbrugg,Zürich
8152,Opfikon,Zürich
8153,Rümlang,Zürich
8154,Oberglatt ZH,Zürich
8155,Niederhasli,Zürich
8156,Oberhasli,Zürich
8157,Dielsdorf,Zürich
8158,Regensberg,Zürich
8162,Steinmaur,Zürich
8164,Bachs,Zürich
8165,Oberweningen,Zürich
8165,Schleinikon,Zürich
8165,Schöfflisdorf,Zürich
8166,Niederweningen,Zürich
8172,Niederglatt ZH,Zürich
8173,Neerach,Zürich
8174,Stadel b. Niederglatt,Zürich
8175,Windlach,Zürich
8180,Bülach,Zürich
8181,Höri,Zürich
8182,Hochfelden,Zürich
8184,Bachenbülach,Zürich
8185,Winkel,Zürich
8187,Weiach,Zürich
8192,Zweidlen,Zürich
8192,Glattfelden,Zürich
8193,Eglisau,Zürich
8194,Hüntwangen,Zürich
8195,Wasterkingen,Zürich
8196,Wil ZH,Zürich
8197,Rafz,Zürich
8200,Schaffhausen,Schaffhausen
8203,Schaffhausen,Schaffhausen
8207,Schaffhausen,Schaffhausen
8208,Schaffhausen,Schaffhausen
8212,Neuhausen am Rheinfall,Schaffhausen
8212,Nohl,Zürich
8213,Neunkirch,Schaffhausen
8214,Gächlingen,Schaffhausen
8215,Hallau,Schaffhausen
8216,Oberhallau,Schaffhausen
8217,Wilchingen,Schaffhausen
8218,Osterfingen,Schaffhausen
8219,Trasadingen,Schaffhausen
8222,Beringen,Schaffhausen
8223,Guntmadingen,Schaffhausen
8224,Löhningen,Schaffhausen
8225,Siblingen,Schaffhausen
8226,Schleitheim,Schaffhausen
8228,Beggingen,Schaffhausen
8231,Hemmental,Schaffhausen
8232,Merishausen,Schaffhausen
8233,Bargen SH,Schaffhausen
8234,Stetten SH,Schaffhausen
8235,Lohn SH,Schaffhausen
8236,Opfertshofen SH,Schaffhausen
8236,Büttenhardt,Schaffhausen
8238,Büsingen,Büsingen
8239,Dörflingen,Schaffhausen
8240,Thayngen,Schaffhausen
8241,Barzheim,Schaffhausen
8242,Hofen SH,Schaffhausen
8242,Bibern SH,Schaffhausen
8243,Altdorf SH,Schaffhausen
8245,Feuerthalen,Zürich
8246,Langwiesen,Zürich
8247,Flurlingen,Zürich
8248,Uhwiesen,Zürich
8252,Schlatt TG,Thurgau
8253,Willisdorf,Thurgau
8253,Diessenhofen,Thurgau
8254,Basadingen,Thurgau
8255,Schlattingen,Thurgau
8259,Kaltenbach,Thurgau
8259,Etzwilen,Thurgau
8259,Wagenhausen,Thurgau
8259,Rheinklingen,Thurgau
8260,Stein am Rhein,Schaffhausen
8261,Hemishofen,Schaffhausen
8262,Ramsen,Schaffhausen
8263,Buch SH,Schaffhausen
8264,Eschenz,Thurgau
8265,Mammern,Thurgau
8266,Steckborn,Thurgau
8267,Berlingen,Thurgau
8268,Salenstein,Thurgau
8268,Mannenbach-Salenstein,Thurgau
8269,Fruthwilen,Thurgau
8272,Ermatingen,Thurgau
8273,Triboltingen,Thurgau
8274,Gottlieben,Thurgau
8274,Tägerwilen,Thurgau
8280,Kreuzlingen,Thurgau
8302,Kloten,Zürich
8303,Bassersdorf,Zürich
8304,Wallisellen,Zürich
8305,Dietlikon,Zürich
8306,Brüttisellen,Zürich
8307,Ottikon b. Kemptthal,Zürich
8307,Effretikon,Zürich
8308,Agasul,Zürich
8308,Illnau,Zürich
8309,Nürensdorf,Zürich
8310,Kemptthal,Zürich
8310,Grafstal,Zürich
8311,Brütten,Zürich
8312,Winterberg ZH,Zürich
8314,Kyburg,Zürich
8315,Lindau,Zürich
8317,Tagelswangen,Zürich
8320,Fehraltorf,Zürich
8322,Madetswil,Zürich
8330,Hermatswil,Zürich
8330,Pfäffikon ZH,Zürich
8331,Auslikon,Zürich
8332,Russikon,Zürich
8335,Hittnau,Zürich
8340,Hinwil,Zürich
8342,Wernetshausen,Zürich
8344,Bäretswil,Zürich
8345,Adetswil,Zürich
8352,Ricketwil (Winterthur),Zürich
8352,Elsau,Zürich
8353,Elgg,Zürich
8354,Hofstetten ZH,Zürich
8355,Aadorf,Thurgau
8356,Ettenhausen TG,Thurgau
8357,Guntershausen b. Aadorf,Thurgau
8360,Wallenwil,Thurgau
8360,Eschlikon TG,Thurgau
8362,Balterswil,Thurgau
8363,Bichelsee,Thurgau
8370,Busswil TG,Thurgau
8370,Sirnach,Thurgau
8372,Wiezikon b. Sirnach,Thurgau
8374,Oberwangen TG,Thurgau
8374,Dussnang,Thurgau
8376,Fischingen,Thurgau
8376,Au TG,Thurgau
8400,Winterthur,Zürich
8404,Reutlingen (Winterthur),Zürich
8404,Stadel (Winterthur),Zürich
8404,Winterthur,Zürich
8405,Winterthur,Zürich
8406,Winterthur,Zürich
8408,Winterthur,Zürich
8409,Winterthur,Zürich
8412,Aesch (Neftenbach),Zürich
8412,Riet (Neftenbach),Zürich
8412,Hünikon (Neftenbach),Zürich
8413,Neftenbach,Zürich
8414,Buch am Irchel,Zürich
8415,Berg am Irchel,Zürich
8415,Gräslikon,Zürich
8416,Flaach,Zürich
8418,Schlatt b. Winterthur,Zürich
8421,Dättlikon,Zürich
8422,Pfungen,Zürich
8424,Embrach,Zürich
8425,Oberembrach,Zürich
8426,Lufingen,Zürich
8427,Freienstein,Zürich
8427,Rorbas,Zürich
8428,Teufen ZH,Zürich
8442,Hettlingen,Zürich
8444,Henggart,Zürich
8447,Dachsen,Zürich
8450,Andelfingen,Zürich
8451,Kleinandelfingen,Zürich
8452,Adlikon b. Andelfingen,Zürich
8453,Alten,Zürich
8454,Buchberg,Schaffhausen
8455,Rüdlingen,Schaffhausen
8457,Humlikon,Zürich
8458,Dorf,Zürich
8459,Volken,Zürich
8460,Marthalen,Zürich
8461,Oerlingen,Zürich
8462,Rheinau,Zürich
8463,Benken ZH,Zürich
8464,Ellikon am Rhein,Zürich
8465,Rudolfingen,Zürich
8465,Wildensbuch,Zürich
8466,Trüllikon,Zürich
8467,Truttikon,Zürich
8468,Waltalingen,Zürich
8468,Guntalingen,Zürich
8471,Rutschwil (Dägerlen),Zürich
8471,Dägerlen,Zürich
8471,Oberwil (Dägerlen),Zürich
8471,Berg (Dägerlen),Zürich
8471,Bänk (Dägerlen),Zürich
8472,Seuzach,Zürich
8474,Dinhard,Zürich
8475,Ossingen,Zürich
8476,Unterstammheim,Zürich
8477,Oberstammheim,Zürich
8478,Thalheim an der Thur,Zürich
8479,Altikon,Zürich
8482,Sennhof (Winterthur),Zürich
8483,Kollbrunn,Zürich
8484,Neschwil,Zürich
8484,Theilingen,Zürich
8484,Weisslingen,Zürich
8486,Rikon im Tösstal,Zürich
8487,Rämismühle,Zürich
8487,Zell ZH,Zürich
8488,Turbenthal,Zürich
8489,Wildberg,Zürich
8492,Wila,Zürich
8493,Saland,Zürich
8494,Bauma,Zürich
8495,Schmidrüti,Zürich
8496,Steg im Tösstal,Zürich
8497,Fischenthal,Zürich
8498,Gibswil-Ried,Zürich
8499,Sternenberg,Zürich
8500,Frauenfeld,Thurgau
8500,Gerlikon,Thurgau
8505,Dettighofen,Thurgau
8505,Pfyn,Thurgau
8506,Lanzenneunforn,Thurgau
8507,Hörhausen,Thurgau
8508,Homburg,Thurgau
8512,Lustdorf,Thurgau
8512,Wetzikon TG,Thurgau
8512,Thundorf,Thurgau
8514,Amlikon-Bissegg,Thurgau
8522,Häuslenen,Thurgau
8522,Aawangen,Thurgau
8523,Hagenbuch ZH,Zürich
8524,Buch b. Frauenfeld,Thurgau
8524,Uesslingen,Thurgau
8525,Niederneunforn,Thurgau
8525,Wilen b. Neunforn,Thurgau
8526,Oberneunforn,Thurgau
8532,Weiningen TG,Thurgau
8532,Warth,Thurgau
8535,Herdern,Thurgau
8536,Hüttwilen,Thurgau
8537,Nussbaumen TG,Thurgau
8537,Uerschhausen,Thurgau
8542,Wiesendangen,Zürich
8543,Bertschikon,Zürich
8543,Gundetswil,Zürich
8543,Kefikon ZH,Zürich
8544,Attikon,Zürich
8545,Rickenbach ZH,Zürich
8545,Rickenbach Sulz,Zürich
8546,Kefikon TG,Thurgau
8546,Islikon,Thurgau
8546,Menzengrüt,Zürich
8547,Gachnang,Thurgau
8548,Ellikon an der Thur,Zürich
8552,Felben-Wellhausen,Thurgau
8553,Eschikofen,Thurgau
8553,Harenwilen,Thurgau
8553,Mettendorf TG,Thurgau
8553,Hüttlingen,Thurgau
8554,Müllheim-Wigoltingen,Thurgau
8554,Bonau,Thurgau
8555,Müllheim Dorf,Thurgau
8556,Engwang,Thurgau
8556,Illhart,Thurgau
8556,Lamperswil TG,Thurgau
8556,Wigoltingen,Thurgau
8558,Raperswilen,Thurgau
8560,Märstetten,Thurgau
8561,Ottoberg,Thurgau
8564,Lipperswil,Thurgau
8564,Engwilen,Thurgau
8564,Wäldi,Thurgau
8564,Sonterswil,Thurgau
8564,Wagerswil,Thurgau
8564,Hattenhausen,Thurgau
8564,Gunterswilen,Thurgau
8564,Hefenhausen,Thurgau
8565,Hugelshofen,Thurgau
8566,Dotnacht,Thurgau
8566,Neuwilen,Thurgau
8566,Ellighausen,Thurgau
8566,Lippoldswilen,Thurgau
8570,Weinfelden,Thurgau
8572,Andhausen,Thurgau
8572,Graltshausen,Thurgau
8572,Guntershausen b. Berg,Thurgau
8572,Berg TG,Thurgau
8573,Alterswilen,Thurgau
8573,Altishausen,Thurgau
8573,Siegershausen,Thurgau
8574,Illighausen,Thurgau
8574,Lengwil-Oberhofen,Thurgau
8575,Istighofen,Thurgau
8575,Bürglen TG,Thurgau
8576,Mauren TG,Thurgau
8577,Toos,Thurgau
8577,Schönholzerswilen,Thurgau
8580,Sommeri,Thurgau
8580,Hagenwil b. Amriswil,Thurgau
8580,Hefenhofen,Thurgau
8580,Amriswil,Thurgau
8581,Schocherswil,Thurgau
8582,Dozwil,Thurgau
8583,Götighofen,Thurgau
8583,Donzhausen,Thurgau
8583,Sulgen,Thurgau
8584,Leimbach TG,Thurgau
8584,Opfershofen TG,Thurgau
8585,Happerswil,Thurgau
8585,Eggethof,Thurgau
8585,Zuben,Thurgau
8585,Schönenbaumgarten,Thurgau
8585,Herrenhof,Thurgau
8585,Birwinken,Thurgau
8585,Klarsreuti,Thurgau
8585,Mattwil,Thurgau
8585,Langrickenbach,Thurgau
8586,Andwil TG,Thurgau
8586,Kümmertshausen,Thurgau
8586,Riedt b. Erlen,Thurgau
8586,Buchackern,Thurgau
8586,Engishofen,Thurgau
8586,Ennetaach,Thurgau
8586,Buch b. Kümmertshausen,Thurgau
8586,Erlen,Thurgau
8587,Oberaach,Thurgau
8588,Zihlschlacht,Thurgau
8589,Sitterdorf,Thurgau
8590,Romanshorn,Thurgau
8592,Uttwil,Thurgau
8593,Kesswil,Thurgau
8594,Güttingen,Thurgau
8595,Altnau,Thurgau
8596,Münsterlingen,Thurgau
8596,Scherzingen,Thurgau
8597,Landschlacht,Thurgau
8598,Bottighofen,Thurgau
8599,Salmsach,Thurgau
8600,Dübendorf,Zürich
8602,Wangen b. Dübendorf,Zürich
8603,Schwerzenbach,Zürich
8604,Volketswil,Zürich
8605,Gutenswil,Zürich
8606,Nänikon,Zürich
8606,Greifensee,Zürich
8607,Aathal-Seegräben,Zürich
8608,Bubikon,Zürich
8610,Uster,Zürich
8614,Sulzbach,Zürich
8614,Bertschikon (Gossau ZH),Zürich
8615,Wermatswil,Zürich
8615,Freudwil,Zürich
8616,Riedikon,Zürich
8617,Mönchaltorf,Zürich
8618,Oetwil am See,Zürich
8620,Wetzikon ZH,Zürich
8623,Wetzikon ZH,Zürich
8624,Grüt (Gossau ZH),Zürich
8625,Gossau ZH,Zürich
8626,Ottikon (Gossau ZH),Zürich
8627,Grüningen,Zürich
8630,Rüti ZH,Zürich
8632,Tann,Zürich
8633,Wolfhausen,Zürich
8634,Hombrechtikon,Zürich
8635,Dürnten,Zürich
8636,Wald ZH,Zürich
8637,Laupen ZH,Zürich
8638,Goldingen,St. Gallen
8639,Faltigberg,Zürich
8640,Rapperswil SG,St. Gallen
8640,Hurden,Schwyz
8645,Jona,St. Gallen
8646,Wagen,St. Gallen
8700,Küsnacht ZH,Zürich
8702,Zollikon,Zürich
8703,Erlenbach ZH,Zürich
8704,Herrliberg,Zürich
8706,Meilen,Zürich
8707,Uetikon am See,Zürich
8708,Männedorf,Zürich
8712,Stäfa,Zürich
8713,Uerikon,Zürich
8714,Feldbach,Zürich
8715,Bollingen,St. Gallen
8716,Schmerikon,St. Gallen
8717,Benken SG,St. Gallen
8718,Schänis,St. Gallen
8722,Kaltbrunn,St. Gallen
8723,Rufi,St. Gallen
8725,Gebertingen,St. Gallen
8725,Ernetschwil,St. Gallen
8726,Ricken SG,St. Gallen
8727,Walde SG,St. Gallen
8730,Uznach,St. Gallen
8732,Neuhaus SG,St. Gallen
8733,Eschenbach SG,St. Gallen
8734,Ermenswil,St. Gallen
8735,Rüeterswil,St. Gallen
8735,St. Gallenkappel,St. Gallen
8737,Gommiswald,St. Gallen
8738,Uetliburg SG,St. Gallen
8739,Rieden SG,St. Gallen
8750,Klöntal,Glarus
8750,Glarus,Glarus
8750,Riedern,Glarus
8751,Urnerboden,Uri
8752,Näfels,Glarus
8753,Mollis,Glarus
8754,Netstal,Glarus
8755,Ennenda,Glarus
8756,Mitlödi,Glarus
8757,Filzbach,Glarus
8758,Obstalden,Glarus
8762,Schwändi b. Schwanden,Glarus
8762,Sool,Glarus
8762,Schwanden GL,Glarus
8765,Engi,Glarus
8766,Matt,Glarus
8767,Elm,Glarus
8772,Nidfurn,Glarus
8773,Haslen GL,Glarus
8774,Leuggelbach,Glarus
8775,Luchsingen,Glarus
8775,Hätzingen,Glarus
8777,Diesbach GL,Glarus
8777,Betschwanden,Glarus
8782,Rüti GL,Glarus
8783,Linthal,Glarus
8784,Braunwald,Glarus
8800,Thalwil,Zürich
8802,Kilchberg ZH,Zürich
8803,Rüschlikon,Zürich
8804,Au ZH,Zürich
8805,Richterswil,Zürich
8806,Bäch SZ,Schwyz
8807,Freienbach,Schwyz
8808,Pfäffikon SZ,Schwyz
8810,Horgen,Zürich
8815,Horgenberg,Zürich
8816,Hirzel,Zürich
8820,Wädenswil,Zürich
8824,Schönenberg ZH,Zürich
8825,Hütten,Zürich
8832,Wilen b. Wollerau,Schwyz
8832,Wollerau,Schwyz
8833,Samstagern,Zürich
8834,Schindellegi,Schwyz
8835,Feusisberg,Schwyz
8836,Bennau,Schwyz
8840,Trachslau,Schwyz
8840,Einsiedeln,Schwyz
8841,Gross,Schwyz
8842,Unteriberg,Schwyz
8843,Oberiberg,Schwyz
8844,Euthal,Schwyz
8845,Studen SZ,Schwyz
8846,Willerzell,Schwyz
8847,Egg SZ,Schwyz
8849,Alpthal,Schwyz
8852,Altendorf,Schwyz
8853,Lachen SZ,Schwyz
8854,Siebnen,Schwyz
8854,Galgenen,Schwyz
8855,Wangen SZ,Schwyz
8856,Tuggen,Schwyz
8857,Vorderthal,Schwyz
8858,Innerthal,Schwyz
8862,Schübelbach,Schwyz
8863,Buttikon SZ,Schwyz
8864,Reichenburg,Schwyz
8865,Bilten,Glarus
8866,Ziegelbrücke,Glarus
8867,Niederurnen,Glarus
8868,Oberurnen,Glarus
8872,Weesen,St. Gallen
8873,Amden,St. Gallen
8874,Mühlehorn,Glarus
8877,Murg,St. Gallen
8878,Quinten,St. Gallen
8880,Walenstadt,St. Gallen
8881,Knoblisbühl,St. Gallen
8881,Tscherlach,St. Gallen
8881,Walenstadtberg,St. Gallen
8882,Unterterzen,St. Gallen
8883,Quarten,St. Gallen
8884,Oberterzen,St. Gallen
8885,Mols,St. Gallen
8886,Mädris-Vermol,St. Gallen
8887,Mels,St. Gallen
8888,Heiligkreuz (Mels),St. Gallen
8889,Plons,St. Gallen
8890,Flums,St. Gallen
8892,Berschis,St. Gallen
8893,Flums Hochwiese,St. Gallen
8894,Flumserberg Saxli,St. Gallen
8895,Flumserberg Portels,St. Gallen
8896,Flumserberg Bergheim,St. Gallen
8897,Flumserberg Tannenheim,St. Gallen
8898,Flumserberg Tannenbodenalp,St. Gallen
8902,Urdorf,Zürich
8903,Birmensdorf ZH,Zürich
8904,Aesch ZH,Zürich
8905,Islisberg,Aargau
8905,Arni AG,Aargau
8906,Bonstetten,Zürich
8907,Wettswil,Zürich
8908,Hedingen,Zürich
8909,Zwillikon,Zürich
8910,Affoltern am Albis,Zürich
8911,Rifferswil,Zürich
8912,Obfelden,Zürich
8913,Ottenbach,Zürich
8914,Aeugstertal,Zürich
8914,Aeugst am Albis,Zürich
8915,Hausen am Albis,Zürich
8916,Jonen,Aargau
8917,Oberlunkhofen,Aargau
8918,Unterlunkhofen,Aargau
8919,Rottenschwil,Aargau
8925,Ebertswil,Zürich
8926,Hauptikon,Zürich
8926,Uerzlikon,Zürich
8926,Kappel am Albis,Zürich
8932,Mettmenstetten,Zürich
8933,Maschwanden,Zürich
8934,Knonau,Zürich
8942,Oberrieden,Zürich
8951,Fahrweid,Zürich
8952,Schlieren,Zürich
8953,Dietikon,Zürich
8954,Geroldswil,Zürich
8955,Oetwil an der Limmat,Zürich
8956,Killwangen,Aargau
8957,Spreitenbach,Aargau
8962,Bergdietikon,Aargau
8964,Rudolfstetten,Aargau
8965,Berikon,Aargau
8966,Oberwil-Lieli,Aargau
8967,Widen,Aargau
9000,St. Gallen,St. Gallen
9007,St. Gallen,St. Gallen
9008,St. Gallen,St. Gallen
9010,St. Gallen,St. Gallen
9011,St. Gallen,St. Gallen
9012,St. Gallen,St. Gallen
9014,St. Gallen,St. Gallen
9015,St. Gallen,St. Gallen
9016,St. Gallen,St. Gallen
9030,Abtwil SG,St. Gallen
9032,Engelburg,St. Gallen
9033,Untereggen,St. Gallen
9034,Eggersriet,St. Gallen
9035,Grub AR,Appenzell Ausserrhoden
9036,Grub SG,St. Gallen
9037,Speicherschwendi,Appenzell Ausserrhoden
9038,Rehetobel,Appenzell Ausserrhoden
9042,Speicher,Appenzell Ausserrhoden
9043,Trogen,Appenzell Ausserrhoden
9044,Wald AR,Appenzell Ausserrhoden
9050,Appenzell Eggerstanden,Appenzell Innerrhoden
9050,Appenzell Enggenhütten,Appenzell Innerrhoden
9050,Appenzell Meistersrüte,Appenzell Innerrhoden
9050,Appenzell Steinegg,Appenzell Innerrhoden
9050,Appenzell Schlatt,Appenzell Innerrhoden
9050,Appenzell,Appenzell Innerrhoden
9052,Niederteufen,Appenzell Ausserrhoden
9053,Teufen AR,Appenzell Ausserrhoden
9054,Haslen AI,Appenzell Innerrhoden
9055,Bühler,Appenzell Ausserrhoden
9056,Gais,Appenzell Ausserrhoden
9057,Schwende,Appenzell Innerrhoden
9057,Wasserauen,Appenzell Innerrhoden
9057,Weissbad,Appenzell Innerrhoden
9058,Brülisau,Appenzell Innerrhoden
9062,Lustmühle,Appenzell Ausserrhoden
9063,Stein AR,Appenzell Ausserrhoden
9064,Hundwil,Appenzell Ausserrhoden
9100,Herisau,Appenzell Ausserrhoden
9103,Schwellbrunn,Appenzell Ausserrhoden
9104,Waldstatt,Appenzell Ausserrhoden
9105,Schönengrund,Appenzell Ausserrhoden
9107,Urnäsch,Appenzell Ausserrhoden
9108,Gontenbad,Appenzell Innerrhoden
9108,Jakobsbad,Appenzell Innerrhoden
9108,Gonten,Appenzell Innerrhoden
9112,Schachen b. Herisau,Appenzell Ausserrhoden
9113,Degersheim,St. Gallen
9114,Hoffeld,St. Gallen
9115,Dicken,St. Gallen
9116,Wolfertswil,St. Gallen
9122,Ebersol,St. Gallen
9122,Mogelsberg,St. Gallen
9123,Nassen,St. Gallen
9125,Brunnadern,St. Gallen
9126,Necker,St. Gallen
9127,St. Peterzell,St. Gallen
9200,Gossau SG,St. Gallen
9203,Niederwil SG,St. Gallen
9204,Andwil SG,St. Gallen
9205,Waldkirch,St. Gallen
9212,Arnegg,St. Gallen
9213,Hauptwil,Thurgau
9214,Kradolf,Thurgau
9215,Schönenberg an der Thur,Thurgau
9215,Buhwil,Thurgau
9216,Heldswil,Thurgau
9216,Hohentannen,Thurgau
9217,Neukirch an der Thur,Thurgau
9220,Bischofszell,Thurgau
9223,Schweizersholz,Thurgau
9223,Halden,Thurgau
9225,Wilen (Gottshaus),Thurgau
9225,St. Pelagiberg,Thurgau
9230,Flawil,St. Gallen
9231,Egg (Flawil),St. Gallen
9240,Niederglatt SG,St. Gallen
9240,Uzwil,St. Gallen
9242,Oberuzwil,St. Gallen
9243,Jonschwil,St. Gallen
9244,Niederuzwil,St. Gallen
9245,Sonnental,St. Gallen
9245,Oberbüren,St. Gallen
9246,Niederbüren,St. Gallen
9247,Henau,St. Gallen
9248,Bichwil,St. Gallen
9249,Oberstetten,St. Gallen
9249,Niederstetten,St. Gallen
9249,Algetshausen,St. Gallen
9300,Wittenbach,St. Gallen
9304,Bernhardzell,St. Gallen
9305,Berg SG,St. Gallen
9306,Freidorf TG,Thurgau
9308,Lömmenschwil,St. Gallen
9312,Häggenschwil,St. Gallen
9313,Muolen,St. Gallen
9314,Steinebrunn,Thurgau
9315,Winden,Thurgau
9315,Neukirch (Egnach),Thurgau
9320,Frasnacht,Thurgau
9320,Stachen,Thurgau
9320,Arbon,Thurgau
9322,Egnach,Thurgau
9323,Steinach,St. Gallen
9325,Roggwil TG,Thurgau
9326,Horn,Thurgau
9327,Tübach,St. Gallen
9400,Rorschach,St. Gallen
9402,Mörschwil,St. Gallen
9403,Goldach,St. Gallen
9404,Rorschacherberg,St. Gallen
9405,Wienacht-Tobel,Appenzell Ausserrhoden
9410,Heiden,Appenzell Ausserrhoden
9411,Reute AR,Appenzell Ausserrhoden
9413,Oberegg,Appenzell Innerrhoden
9414,Schachen b. Reute,Appenzell Ausserrhoden
9422,Staad SG,St. Gallen
9423,Altenrhein,St. Gallen
9424,Rheineck,St. Gallen
9425,Thal,St. Gallen
9426,Lutzenberg,Appenzell Ausserrhoden
9427,Zelg (Wolfhalden),Appenzell Ausserrhoden
9427,Wolfhalden,Appenzell Ausserrhoden
9428,Walzenhausen,Appenzell Ausserrhoden
9430,St. Margrethen SG,St. Gallen
9434,Au SG,St. Gallen
9435,Heerbrugg,St. Gallen
9436,Balgach,St. Gallen
9437,Marbach SG,St. Gallen
9442,Büriswilen,Appenzell Innerrhoden
9442,Berneck,St. Gallen
9443,Widnau,St. Gallen
9444,Diepoldsau,St. Gallen
9445,Rebstein,St. Gallen
9450,Lüchingen,St. Gallen
9450,Altstätten SG,St. Gallen
9451,Kriessern,St. Gallen
9452,Hinterforst,St. Gallen
9453,Eichberg,St. Gallen
9462,Montlingen,St. Gallen
9463,Oberriet SG,St. Gallen
9464,Lienz,St. Gallen
9464,Rüthi (Rheintal),St. Gallen
9465,Salez,St. Gallen
9466,Sennwald,St. Gallen
9467,Frümsen,St. Gallen
9468,Sax,St. Gallen
9469,Haag (Rheintal),St. Gallen
9470,Buchs SG,St. Gallen
9470,Werdenberg,St. Gallen
9472,Grabserberg,St. Gallen
9472,Grabs,St. Gallen
9473,Gams,St. Gallen
9475,Sevelen,St. Gallen
9476,Fontnas,St. Gallen
9476,Weite,St. Gallen
9477,Trübbach,St. Gallen
9478,Azmoos,St. Gallen
9479,Gretschins,St. Gallen
9479,Malans SG,St. Gallen
9479,Oberschan,St. Gallen
9485,Nendeln,Fürstentum Liechtenstein
9486,Schaanwald,Fürstentum Liechtenstein
9487,Gamprin-Bendern,Fürstentum Liechtenstein
9488,Schellenberg,Fürstentum Liechtenstein
9490,Vaduz,Fürstentum Liechtenstein
9491,Ruggell,Fürstentum Liechtenstein
9492,Eschen,Fürstentum Liechtenstein
9493,Mauren FL,Fürstentum Liechtenstein
9494,Schaan,Fürstentum Liechtenstein
9495,Triesen,Fürstentum Liechtenstein
9496,Balzers,Fürstentum Liechtenstein
9497,Triesenberg,Fürstentum Liechtenstein
9498,Planken,Fürstentum Liechtenstein
9500,Wil SG,St. Gallen
9502,Braunau,Thurgau
9503,Stehrenberg,Thurgau
9503,Lanterswil,Thurgau
9504,Friltschen,Thurgau
9506,Lommis,Thurgau
9507,Stettfurt,Thurgau
9508,Weingarten-Kalthäusern,Thurgau
9512,Rossrüti,St. Gallen
9514,Wuppenau,Thurgau
9515,Hosenruck,Thurgau
9517,Mettlen,Thurgau
9523,Züberwangen,St. Gallen
9524,Zuzwil SG,St. Gallen
9525,Lenggenwil,St. Gallen
9526,Zuckenriet,St. Gallen
9527,Niederhelfenschwil,St. Gallen
9532,Rickenbach b. Wil,Thurgau
9533,Kirchberg SG,St. Gallen
9534,Gähwil,St. Gallen
9535,Wilen b. Wil,Thurgau
9536,Schwarzenbach SG,St. Gallen
9542,Münchwilen TG,Thurgau
9543,St. Margarethen TG,Thurgau
9545,Wängi,Thurgau
9546,Tuttwil,Thurgau
9547,Wittenwil,Thurgau
9548,Matzingen,Thurgau
9552,Bronschhofen,St. Gallen
9553,Bettwiesen,Thurgau
9554,Tägerschen,Thurgau
9555,Tobel,Thurgau
9556,Zezikon,Thurgau
9556,Affeltrangen,Thurgau
9562,Buch b. Märwil,Thurgau
9562,Märwil,Thurgau
9565,Rothenhausen,Thurgau
9565,Schmidshof,Thurgau
9565,Oppikon,Thurgau
9565,Oberbussnang,Thurgau
9565,Bussnang,Thurgau
9573,Littenheid,Thurgau
9601,Lütisburg Station,St. Gallen
9602,Müselbach,St. Gallen
9602,Bazenheid,St. Gallen
9604,Oberrindal,St. Gallen
9604,Unterrindal,St. Gallen
9604,Lütisburg,St. Gallen
9606,Bütschwil,St. Gallen
9607,Mosnang,St. Gallen
9608,Ganterschwil,St. Gallen
9612,Dreien,St. Gallen
9613,Mühlrüti,St. Gallen
9614,Libingen,St. Gallen
9615,Dietfurt,St. Gallen
9620,Lichtensteig,St. Gallen
9621,Oberhelfenschwil,St. Gallen
9622,Krinau,St. Gallen
9630,Wattwil,St. Gallen
9631,Ulisbach,St. Gallen
9633,Bächli (Hemberg),St. Gallen
9633,Hemberg,St. Gallen
9642,Ebnat-Kappel,St. Gallen
9643,Krummenau,St. Gallen
9650,Nesslau,St. Gallen
9651,Ennetbühl,St. Gallen
9652,Neu St. Johann,St. Gallen
9655,Stein SG,St. Gallen
9656,Alt St. Johann,St. Gallen
9657,Unterwasser,St. Gallen
9658,Wildhaus,St. Gallen
